PMID	Title	Authors	Citation	First Author	Journal/Book	Publication Year	Create Date	PMCID	NIHMS ID	DOI
35177734	Microbial epibiotic community of the deep-sea galatheid squat lobster Munidopsis alvisca	Leinberger J, Milke F, Christodoulou M, Poehlein A, Caraveo-Patiño J, Teske A, Brinkhoff T.	"Sci Rep. 2022 Feb 17;12(1):2675. doi: 10.1038/s41598-022-06666-x."	Leinberger J	Sci Rep	2022	2022/02/18	PMC8854721		10.1038/s41598-022-06666-x
35027677	Unique mobile elements and scalable gene flow at the prokaryote-eukaryote boundary revealed by circularized Asgard archaea genomes	Wu F, Speth DR, Philosof A, Crémière A, Narayanan A, Barco RA, Connon SA, Amend JP, Antoshechkin IA, Orphan VJ.	"Nat Microbiol. 2022 Feb;7(2):200-212. doi: 10.1038/s41564-021-01039-y. Epub 2022 Jan 13."	Wu F	Nat Microbiol	2022	2022/01/14	PMC8813620		10.1038/s41564-021-01039-y
34827555	Glycoside Hydrolases and Glycosyltransferases from Hyperthermophilic Archaea: Insights on Their Characteristics and Applications in Biotechnology	Amin K, Tranchimand S, Benvegnu T, Abdel-Razzak Z, Chamieh H.	"Biomolecules. 2021 Oct 21;11(11):1557. doi: 10.3390/biom11111557."	Amin K	Biomolecules	2021	2021/11/27	PMC8615776		10.3390/biom11111557
34585946	Evaluation of the Properties of the DNA Methyltransferase from Aeropyrum pernix K1	Hayashi M, Sugahara K, Yamamura A, Iida Y.	"Microbiol Spectr. 2021 Oct 31;9(2):e0018621. doi: 10.1128/Spectrum.00186-21. Epub 2021 Sep 29."	Hayashi M	Microbiol Spectr	2021	2021/09/29	PMC8557920		10.1128/Spectrum.00186-21
34495995	Environmental factors shaping bacterial, archaeal and fungal community structure in hydrothermal sediments of Guaymas Basin, Gulf of California	Ramírez GA, Mara P, Sehein T, Wegener G, Chambers CR, Joye SB, Peterson RN, Philippe A, Burgaud G, Edgcomb VP, Teske AP.	"PLoS One. 2021 Sep 8;16(9):e0256321. doi: 10.1371/journal.pone.0256321. eCollection 2021."	Ramírez GA	PLoS One	2021	2021/09/08	PMC8425543		10.1371/journal.pone.0256321
34343062	Thermococcus aciditolerans sp. nov., a piezotolerant, hyperthermophilic archaeon isolated from a deep-sea hydrothermal vent chimney in the Southwest Indian Ridge	Li XG, Tang HZ, Zhang WJ, Qi XQ, Qu ZG, Xu J, Wu LF.	"Int J Syst Evol Microbiol. 2021 Aug;71(8). doi: 10.1099/ijsem.0.004934."	Li XG	Int J Syst Evol Microbiol	2021	2021/08/03			10.1099/ijsem.0.004934
34270399	Thermococcus henrietii sp. nov., a novel extreme thermophilic and piezophilic sulfur-reducing archaeon isolated from a deep-sea hydrothermal chimney	Alain K, Vince E, Courtine D, Maignien L, Zeng X, Shao Z, Jebbar M.	"Int J Syst Evol Microbiol. 2021 Jul;71(7). doi: 10.1099/ijsem.0.004895."	Alain K	Int J Syst Evol Microbiol	2021	2021/07/16			10.1099/ijsem.0.004895
34236955	Thermococcus camini sp. nov., a hyperthermophilic and piezophilic archaeon isolated from a deep-sea hydrothermal vent at the Mid-Atlantic Ridge	Courtine D, Vince E, Maignien L, Philippon X, Gayet N, Shao Z, Alain K.	"Int J Syst Evol Microbiol. 2021 Jul;71(7). doi: 10.1099/ijsem.0.004853."	Courtine D	Int J Syst Evol Microbiol	2021	2021/07/08			10.1099/ijsem.0.004853
34156293	Diverse Viruses in Deep-Sea Hydrothermal Vent Fluids Have Restricted Dispersal across Ocean Basins	Thomas E, Anderson RE, Li V, Rogan LJ, Huber JA.	"mSystems. 2021 Jun 29;6(3):e0006821. doi: 10.1128/mSystems.00068-21. Epub 2021 Jun 22."	Thomas E	mSystems	2021	2021/06/22	PMC8269205		10.1128/mSystems.00068-21
33893309	Brockarchaeota, a novel archaeal phylum with unique and versatile carbon cycling pathways	De Anda V, Chen LX, Dombrowski N, Hua ZS, Jiang HC, Banfield JF, Li WJ, Baker BJ.	"Nat Commun. 2021 Apr 23;12(1):2404. doi: 10.1038/s41467-021-22736-6."	De Anda V	Nat Commun	2021	2021/04/24	PMC8065059		10.1038/s41467-021-22736-6
33643258	Bioprospecting of Novel Extremozymes From Prokaryotes-The Advent of Culture-Independent Methods	Sysoev M, Grötzinger SW, Renn D, Eppinger J, Rueping M, Karan R.	"Front Microbiol. 2021 Feb 10;12:630013. doi: 10.3389/fmicb.2021.630013. eCollection 2021."	Sysoev M	Front Microbiol	2021	2021/03/01	PMC7902512		10.3389/fmicb.2021.630013
33452477	Unexpectedly high mutation rate of a deep-sea hyperthermophilic anaerobic archaeon	Gu J, Wang X, Ma X, Sun Y, Xiao X, Luo H.	"ISME J. 2021 Jun;15(6):1862-1869. doi: 10.1038/s41396-020-00888-5. Epub 2021 Jan 15."	Gu J	ISME J	2021	2021/01/16	PMC8163891		10.1038/s41396-020-00888-5
33139872	Microbial ecology of the newly discovered serpentinite-hosted Old City hydrothermal field (southwest Indian ridge)	Lecoeuvre A, Ménez B, Cannat M, Chavagnac V, Gérard E.	"ISME J. 2021 Mar;15(3):818-832. doi: 10.1038/s41396-020-00816-7. Epub 2020 Nov 2."	Lecoeuvre A	ISME J	2021	2020/11/03	PMC8027613		10.1038/s41396-020-00816-7
32239454	Thermococcus indicus sp. nov., a Fe(III)-reducing hyperthermophilic archaeon isolated from the Onnuri Vent Field of the Central Indian Ocean ridge	Lim JK, Kim YJ, Yang JA, Namirimu T, Yang SH, Park MJ, Kwon YM, Lee HS, Kang SG, Lee JH, Kwon KK.	"J Microbiol. 2020 Apr;58(4):260-267. doi: 10.1007/s12275-020-9424-9. Epub 2020 Apr 1."	Lim JK	J Microbiol	2020	2020/04/03			10.1007/s12275-020-9424-9
32222383	Complete genome sequence of Methanofervidicoccus sp. A16, a thermophilic methanogen isolated from Mid Cayman Rise hydrothermal vent	Wang L, Lai Q, Jebbar M, Shao Z, Alain K.	"Mar Genomics. 2020 Oct;53:100768. doi: 10.1016/j.margen.2020.100768. Epub 2020 Mar 26."	Wang L	Mar Genomics	2020	2020/03/31			10.1016/j.margen.2020.100768
32153535	Tailoring Hydrothermal Vent Biodiversity Toward Improved Biodiscovery Using a Novel in situ Enrichment Strategy	Stokke R, Reeves EP, Dahle H, Fedøy AE, Viflot T, Lie Onstad S, Vulcano F, Pedersen RB, Eijsink VGH, Steen IH.	"Front Microbiol. 2020 Feb 21;11:249. doi: 10.3389/fmicb.2020.00249. eCollection 2020."	Stokke R	Front Microbiol	2020	2020/03/11	PMC7046548		10.3389/fmicb.2020.00249
32068866	Pervasive Suicidal Integrases in Deep-Sea Archaea	Badel C, Da Cunha V, Forterre P, Oberto J.	"Mol Biol Evol. 2020 Jun 1;37(6):1727-1743. doi: 10.1093/molbev/msaa041."	Badel C	Mol Biol Evol	2020	2020/02/19	PMC7253208		10.1093/molbev/msaa041
31935923	Metabolic Adaptation to Sulfur of Hyperthermophilic Palaeococcus pacificus DY20341(T) from Deep-Sea Hydrothermal Sediments	Zeng X, Zhang X, Shao Z.	"Int J Mol Sci. 2020 Jan 6;21(1):368. doi: 10.3390/ijms21010368."	Zeng X	Int J Mol Sci	2020	2020/01/16	PMC6981617		10.3390/ijms21010368
31713674	Characterization of an extremely thermo-active archaeal β-glucosidase and its activity towards glucan and mannan in concert with an endoglucanase	Schröder C, Eixenberger D, Suleiman M, Schäfers C, Antranikian G.	"Appl Microbiol Biotechnol. 2019 Dec;103(23-24):9505-9514. doi: 10.1007/s00253-019-10218-1. Epub 2019 Nov 12."	Schröder C	Appl Microbiol Biotechnol	2019	2019/11/13			10.1007/s00253-019-10218-1
31691434	Evidences of aromatic degradation dominantly via the phenylacetic acid pathway in marine benthic Thermoprofundales	Liu WW, Pan J, Feng X, Li M, Xu Y, Wang F, Zhou NY.	"Environ Microbiol. 2020 Jan;22(1):329-342. doi: 10.1111/1462-2920.14850. Epub 2019 Nov 22."	Liu WW	Environ Microbiol	2020	2019/11/07			10.1111/1462-2920.14850
31333590	A Genetic System for Methanocaldococcus jannaschii: An Evolutionary Deeply Rooted Hyperthermophilic Methanarchaeon	Susanti D, Frazier MC, Mukhopadhyay B.	"Front Microbiol. 2019 Jul 3;10:1256. doi: 10.3389/fmicb.2019.01256. eCollection 2019."	Susanti D	Front Microbiol	2019	2019/07/24	PMC6616113		10.3389/fmicb.2019.01256
31182769	Seeking active RubisCOs from the currently uncultured microbial majority colonizing deep-sea hydrothermal vent environments	Böhnke S, Perner M.	"ISME J. 2019 Oct;13(10):2475-2488. doi: 10.1038/s41396-019-0439-3. Epub 2019 Jun 10."	Böhnke S	ISME J	2019	2019/06/12	PMC6776054		10.1038/s41396-019-0439-3
30843780	Methanofervidicoccus abyssi gen. nov., sp. nov., a hydrogenotrophic methanogen, isolated from a hydrothermal vent chimney in the Mid-Cayman Spreading Center, the Caribbean Sea	Sakai S, Takaki Y, Miyazaki M, Ogawara M, Yanagawa K, Miyazaki J, Takai K.	"Int J Syst Evol Microbiol. 2019 Apr;69(4):1225-1230. doi: 10.1099/ijsem.0.003297. Epub 2019 Mar 7."	Sakai S	Int J Syst Evol Microbiol	2019	2019/03/08			10.1099/ijsem.0.003297
30768760	Deep-sea hydrothermal vent metagenome-assembled genomes provide insight into the phylum Nanoarchaeota	St John E, Flores GE, Meneghin J, Reysenbach AL.	"Environ Microbiol Rep. 2019 Apr;11(2):262-270. doi: 10.1111/1758-2229.12740."	St John E	Environ Microbiol Rep	2019	2019/02/16			10.1111/1758-2229.12740
30547216	Extremely thermoactive archaeal endoglucanase from a shallow marine hydrothermal vent from Vulcano Island	Suleiman M, Schröder C, Klippel B, Schäfers C, Krüger A, Antranikian G.	"Appl Microbiol Biotechnol. 2019 Feb;103(3):1267-1274. doi: 10.1007/s00253-018-9542-z. Epub 2018 Dec 13."	Suleiman M	Appl Microbiol Biotechnol	2019	2018/12/15			10.1007/s00253-018-9542-z
30504216	Induction of a Toxin-Antitoxin Gene Cassette under High Hydrostatic Pressure Enables Markerless Gene Disruption in the Hyperthermophilic Archaeon Pyrococcus yayanosii	Song Q, Li Z, Chen R, Ma X, Xiao X, Xu J.	"Appl Environ Microbiol. 2019 Feb 6;85(4):e02662-18. doi: 10.1128/AEM.02662-18. Print 2019 Feb 15."	Song Q	Appl Environ Microbiol	2019	2018/12/04	PMC6365831		10.1128/AEM.02662-18
30446552	Diversity in CO(2)-Concentrating Mechanisms among Chemolithoautotrophs from the Genera Hydrogenovibrio, Thiomicrorhabdus, and Thiomicrospira, Ubiquitous in Sulfidic Habitats Worldwide	Scott KM, Leonard JM, Boden R, Chaput D, Dennison C, Haller E, Harmer TL, Anderson A, Arnold T, Budenstein S, Brown R, Brand J, Byers J, Calarco J, Campbell T, Carter E, Chase M, Cole M, Dwyer D, Grasham J, Hanni C, Hazle A, Johnson C, Johnson R, Kirby B, Lewis K, Neumann B, Nguyen T, Nino Charari J, Morakinyo O, Olsson B, Roundtree S, Skjerve E, Ubaldini A, Whittaker R.	"Appl Environ Microbiol. 2019 Jan 23;85(3):e02096-18. doi: 10.1128/AEM.02096-18. Print 2019 Feb 1."	Scott KM	Appl Environ Microbiol	2019	2018/11/18	PMC6344615		10.1128/AEM.02096-18
30366990	Gut Microbial Divergence between Two Populations of the Hadal Amphipod Hirondellea gigas	Zhang W, Watanabe HK, Ding W, Lan Y, Tian RM, Sun J, Chen C, Cai L, Li Y, Oguri K, Toyofuku T, Kitazato H, Drazen JC, Bartlett D, Qian PY.	"Appl Environ Microbiol. 2018 Dec 13;85(1):e02032-18. doi: 10.1128/AEM.02032-18. Print 2019 Jan 1."	Zhang W	Appl Environ Microbiol	2018	2018/10/28	PMC6293092		10.1128/AEM.02032-18
29867810	A Mosaic of Geothermal and Marine Features Shapes Microbial Community Structure on Deception Island Volcano, Antarctica	Bendia AG, Signori CN, Franco DC, Duarte RTD, Bohannan BJM, Pellizari VH.	"Front Microbiol. 2018 May 7;9:899. doi: 10.3389/fmicb.2018.00899. eCollection 2018."	Bendia AG	Front Microbiol	2018	2018/06/06	PMC5949364		10.3389/fmicb.2018.00899
29806625	Microbial Diversity in Sediments from the Bottom of the Challenger Deep, the Mariana Trench	Nunoura T, Nishizawa M, Hirai M, Shimamura S, Harnvoravongchai P, Koide O, Morono Y, Fukui T, Inagaki F, Miyazaki J, Takaki Y, Takai K.	"Microbes Environ. 2018 Jul 4;33(2):186-194. doi: 10.1264/jsme2.ME17194. Epub 2018 May 25."	Nunoura T	Microbes Environ	2018	2018/05/29	PMC6031389		10.1264/jsme2.ME17194
29354879	Metagenomic Signatures of Microbial Communities in Deep-Sea Hydrothermal Sediments of Azores Vent Fields	Cerqueira T, Barroso C, Froufe H, Egas C, Bettencourt R.	"Microb Ecol. 2018 Aug;76(2):387-403. doi: 10.1007/s00248-018-1144-x. Epub 2018 Jan 21."	Cerqueira T	Microb Ecol	2018	2018/01/23			10.1007/s00248-018-1144-x
29066755	Genomic variation in microbial populations inhabiting the marine subseafloor at deep-sea hydrothermal vents	Anderson RE, Reveillaud J, Reddington E, Delmont TO, Eren AM, McDermott JM, Seewald JS, Huber JA.	"Nat Commun. 2017 Oct 24;8(1):1114. doi: 10.1038/s41467-017-01228-6."	Anderson RE	Nat Commun	2017	2017/10/26	PMC5655027		10.1038/s41467-017-01228-6
29067531	Microbial community differentiation between active and inactive sulfide chimneys of the Kolumbo submarine volcano, Hellenic Volcanic Arc	Christakis CA, Polymenakou PN, Mandalakis M, Nomikou P, Kristoffersen JB, Lampridou D, Kotoulas G, Magoulas A.	"Extremophiles. 2018 Jan;22(1):13-27. doi: 10.1007/s00792-017-0971-x. Epub 2017 Oct 25."	Christakis CA	Extremophiles	2018	2017/10/26			10.1007/s00792-017-0971-x
28835260	Genomic insights into potential interdependencies in microbial hydrocarbon and nutrient cycling in hydrothermal sediments	Dombrowski N, Seitz KW, Teske AP, Baker BJ.	"Microbiome. 2017 Aug 23;5(1):106. doi: 10.1186/s40168-017-0322-2."	Dombrowski N	Microbiome	2017	2017/08/25	PMC5569505		10.1186/s40168-017-0322-2
28699015	Sponge Prokaryote Communities in Taiwanese Coral Reef and Shallow Hydrothermal Vent Ecosystems	Coelho FJRC, Cleary DFR, Gomes NCM, Pólonia ARM, Huang YM, Liu LL, de Voogd NJ.	"Microb Ecol. 2018 Jan;75(1):239-254. doi: 10.1007/s00248-017-1023-x. Epub 2017 Jul 11."	Coelho FJRC	Microb Ecol	2018	2017/07/13			10.1007/s00248-017-1023-x
28659873	Microbial Community Structure of Deep-sea Hydrothermal Vents on the Ultraslow Spreading Southwest Indian Ridge	Ding J, Zhang Y, Wang H, Jian H, Leng H, Xiao X.	"Front Microbiol. 2017 Jun 13;8:1012. doi: 10.3389/fmicb.2017.01012. eCollection 2017."	Ding J	Front Microbiol	2017	2017/06/30	PMC5468387		10.3389/fmicb.2017.01012
28493148	Diversity of bacteria and archaea from two shallow marine hydrothermal vents from Vulcano Island	Antranikian G, Suleiman M, Schäfers C, Adams MWW, Bartolucci S, Blamey JM, Birkeland NK, Bonch-Osmolovskaya E, da Costa MS, Cowan D, Danson M, Forterre P, Kelly R, Ishino Y, Littlechild J, Moracci M, Noll K, Oshima T, Robb F, Rossi M, Santos H, Schönheit P, Sterner R, Thauer R, Thomm M, Wiegel J, Stetter KO.	"Extremophiles. 2017 Jul;21(4):733-742. doi: 10.1007/s00792-017-0938-y. Epub 2017 May 10."	Antranikian G	Extremophiles	2017	2017/05/12			10.1007/s00792-017-0938-y
28416654	Reconstructed ancestral enzymes suggest long-term cooling of Earth's photic zone since the Archean	Garcia AK, Schopf JW, Yokobori SI, Akanuma S, Yamagishi A.	"Proc Natl Acad Sci U S A. 2017 May 2;114(18):4619-4624. doi: 10.1073/pnas.1702729114. Epub 2017 Apr 17."	Garcia AK	Proc Natl Acad Sci U S A	2017	2017/04/19	PMC5422769		10.1073/pnas.1702729114
28206708	Physiological, metabolic and biotechnological features of extremely thermophilic microorganisms	Counts JA, Zeldes BM, Lee LL, Straub CT, Adams MWW, Kelly RM.	"Wiley Interdiscip Rev Syst Biol Med. 2017 May;9(3):10.1002/wsbm.1377. doi: 10.1002/wsbm.1377. Epub 2017 Feb 16."	Counts JA	Wiley Interdiscip Rev Syst Biol Med	2017	2017/02/17	PMC5400732	NIHMS839051	10.1002/wsbm.1377
28144700	Sediment Microbial Diversity of Three Deep-Sea Hydrothermal Vents Southwest of the Azores	Cerqueira T, Pinho D, Froufe H, Santos RS, Bettencourt R, Egas C.	"Microb Ecol. 2017 Aug;74(2):332-349. doi: 10.1007/s00248-017-0943-9. Epub 2017 Jan 31."	Cerqueira T	Microb Ecol	2017	2017/02/02			10.1007/s00248-017-0943-9
28096736	Marine Subsurface Microbial Community Shifts Across a Hydrothermal Gradient in Okinawa Trough Sediments	Brandt LD, House CH.	"Archaea. 2016 Dec 20;2016:2690329. doi: 10.1155/2016/2690329. eCollection 2016."	Brandt LD	Archaea	2016	2017/01/19	PMC5206410		10.1155/2016/2690329
27754478	Defining boundaries for the distribution of microbial communities beneath the sediment-buried, hydrothermally active seafloor	Yanagawa K, Ijiri A, Breuker A, Sakai S, Miyoshi Y, Kawagucci S, Noguchi T, Hirai M, Schippers A, Ishibashi JI, Takaki Y, Sunamura M, Urabe T, Nunoura T, Takai K.	"ISME J. 2017 Feb;11(2):529-542. doi: 10.1038/ismej.2016.119. Epub 2016 Oct 18."	Yanagawa K	ISME J	2017	2016/10/19	PMC5270560		10.1038/ismej.2016.119
27638197	Thermococcus piezophilus sp. nov., a novel hyperthermophilic and piezophilic archaeon with a broad pressure range for growth, isolated from a deepest hydrothermal vent at the Mid-Cayman Rise	Dalmasso C, Oger P, Selva G, Courtine D, L'Haridon S, Garlaschelli A, Roussel E, Miyazaki J, Reveillaud J, Jebbar M, Takai K, Maignien L, Alain K.	"Syst Appl Microbiol. 2016 Oct;39(7):440-444. doi: 10.1016/j.syapm.2016.08.003. Epub 2016 Aug 26."	Dalmasso C	Syst Appl Microbiol	2016	2016/09/18			10.1016/j.syapm.2016.08.003
27547206	Hydrogen Limitation and Syntrophic Growth among Natural Assemblages of Thermophilic Methanogens at Deep-sea Hydrothermal Vents	Topçuoğlu BD, Stewart LC, Morrison HG, Butterfield DA, Huber JA, Holden JF.	"Front Microbiol. 2016 Aug 5;7:1240. doi: 10.3389/fmicb.2016.01240. eCollection 2016."	Topçuoğlu BD	Front Microbiol	2016	2016/08/23	PMC4974244		10.3389/fmicb.2016.01240
27328615	Draft genome sequence of sulfur-reducing archaeon Thermococcus thioreducens DSM 14981(T)	Hong SJ, Park CE, Park GS, Kim MC, Jung BK, Shin JH.	"Braz J Microbiol. 2017 Jan-Mar;48(1):3-4. doi: 10.1016/j.bjm.2016.04.031. Epub 2016 Jun 4."	Hong SJ	Braz J Microbiol	2017	2016/06/23	PMC5220636		10.1016/j.bjm.2016.04.031
27260263	Pyrodictium delaneyi sp. nov., a hyperthermophilic autotrophic archaeon that reduces Fe(III) oxide and nitrate	Lin TJ, El Sebae G, Jung JH, Jung DH, Park CS, Holden JF.	"Int J Syst Evol Microbiol. 2016 Sep;66(9):3372-3376. doi: 10.1099/ijsem.0.001201. Epub 2016 Jun 3."	Lin TJ	Int J Syst Evol Microbiol	2016	2016/06/05	PMC6092747	NIHMS983150	10.1099/ijsem.0.001201
27250364	High hydrostatic pressure adaptive strategies in an obligate piezophile Pyrococcus yayanosii	Michoud G, Jebbar M.	"Sci Rep. 2016 Jun 2;6:27289. doi: 10.1038/srep27289."	Michoud G	Sci Rep	2016	2016/06/03	PMC4890121		10.1038/srep27289
27189596	Pyrococcus kukulkanii sp. nov., a hyperthermophilic, piezophilic archaeon isolated from a deep-sea hydrothermal vent	Callac N, Oger P, Lesongeur F, Rattray JE, Vannier P, Michoud G, Beauverger M, Gayet N, Rouxel O, Jebbar M, Godfroy A.	"Int J Syst Evol Microbiol. 2016 Aug;66(8):3142-3149. doi: 10.1099/ijsem.0.001160. Epub 2016 May 17."	Callac N	Int J Syst Evol Microbiol	2016	2016/05/19			10.1099/ijsem.0.001160
27169490	Bacterial and archaeal communities in the deep-sea sediments of inactive hydrothermal vents in the Southwest India Ridge	Zhang L, Kang M, Xu J, Xu J, Shuai Y, Zhou X, Yang Z, Ma K.	"Sci Rep. 2016 May 12;6:25982. doi: 10.1038/srep25982."	Zhang L	Sci Rep	2016	2016/05/13	PMC4864381		10.1038/srep25982
27016195	Analysis of the complete genome sequence of the archaeon Pyrococcus chitonophagus DSM 10152 (formerly Thermococcus chitonophagus)	Papadimitriou K, Baharidis PK, Georgoulis A, Engel M, Louka M, Karamolegkou G, Tsoka A, Blom J, Pot B, Malecki P, Rypniewski W, Huber H, Schloter M, Vorgias C.	"Extremophiles. 2016 May;20(3):351-61. doi: 10.1007/s00792-016-0826-x. Epub 2016 Mar 25."	Papadimitriou K	Extremophiles	2016	2016/03/27			10.1007/s00792-016-0826-x
26887661	Quantification of the effects of ocean acidification on sediment microbial communities in the environment: the importance of ecosystem approaches	Hassenrück C, Fink A, Lichtschlag A, Tegetmeyer HE, de Beer D, Ramette A.	"FEMS Microbiol Ecol. 2016 May;92(5):fiw027. doi: 10.1093/femsec/fiw027. Epub 2016 Feb 16."	Hassenrück C	FEMS Microbiol Ecol	2016	2016/02/19	PMC4828923		10.1093/femsec/fiw027
26884723	"The Vertical Distribution of Sediment Archaeal Community in the ""Black Bloom"" Disturbing Zhushan Bay of Lake Taihu"	Fan X, Xing P.	"Archaea. 2016 Jan 17;2016:8232135. doi: 10.1155/2016/8232135. eCollection 2016."	Fan X	Archaea	2016	2016/02/18	PMC4738990		10.1155/2016/8232135
26672397	Draft genome sequence of Thermococcus sp. EP1, a novel hyperthermophilic archaeon isolated from a deep-sea hydrothermal vent on the East Pacific Rise	Zhou M, Liu Q, Xie Y, Dong B, Chen X.	"Mar Genomics. 2016 Apr;26:9-11. doi: 10.1016/j.margen.2015.11.014. Epub 2015 Dec 7."	Zhou M	Mar Genomics	2016	2015/12/18			10.1016/j.margen.2015.11.014
26490622	Intercellular wiring enables electron transfer between methanotrophic archaea and bacteria	Wegener G, Krukenberg V, Riedel D, Tegetmeyer HE, Boetius A.	"Nature. 2015 Oct 22;526(7574):587-90. doi: 10.1038/nature15733."	Wegener G	Nature	2015	2015/10/23			10.1038/nature15733
26487573	Metagenomic investigation of the geologically unique Hellenic Volcanic Arc reveals a distinctive ecosystem with unexpected physiology	Oulas A, Polymenakou PN, Seshadri R, Tripp HJ, Mandalakis M, Paez-Espino AD, Pati A, Chain P, Nomikou P, Carey S, Kilias S, Christakis C, Kotoulas G, Magoulas A, Ivanova NN, Kyrpides NC.	"Environ Microbiol. 2016 Apr;18(4):1122-36. doi: 10.1111/1462-2920.13095. Epub 2015 Dec 21."	Oulas A	Environ Microbiol	2016	2015/10/22			10.1111/1462-2920.13095
26441901	Biogeography and evolution of Thermococcus isolates from hydrothermal vent systems of the Pacific	Price MT, Fullerton H, Moyer CL.	"Front Microbiol. 2015 Sep 24;6:968. doi: 10.3389/fmicb.2015.00968. eCollection 2015."	Price MT	Front Microbiol	2015	2015/10/07	PMC4585236		10.3389/fmicb.2015.00968
26375668	Microbial diversity in deep-sea sediments from the Menez Gwen hydrothermal vent system of the Mid-Atlantic Ridge	Cerqueira T, Pinho D, Egas C, Froufe H, Altermark B, Candeias C, Santos RS, Bettencourt R.	"Mar Genomics. 2015 Dec;24 Pt 3:343-55. doi: 10.1016/j.margen.2015.09.001. Epub 2015 Sep 12."	Cerqueira T	Mar Genomics	2015	2015/09/17			10.1016/j.margen.2015.09.001
26226336	Effects of hydrostatic pressure on yeasts isolated from deep-sea hydrothermal vents	Burgaud G, Hué NT, Arzur D, Coton M, Perrier-Cornet JM, Jebbar M, Barbier G.	"Res Microbiol. 2015 Nov;166(9):700-9. doi: 10.1016/j.resmic.2015.07.005. Epub 2015 Jul 28."	Burgaud G	Res Microbiol	2015	2015/07/31			10.1016/j.resmic.2015.07.005
26211965	Microbial diversity in the deep-sea sediments of Iheya North and Iheya Ridge, Okinawa Trough	Zhang J, Sun QL, Zeng ZG, Chen S, Sun L.	"Microbiol Res. 2015 Aug;177:43-52. doi: 10.1016/j.micres.2015.05.006. Epub 2015 May 23."	Zhang J	Microbiol Res	2015	2015/07/28			10.1016/j.micres.2015.05.006
26132902	Microbial diversity in shallow-water hydrothermal sediments of Kueishan Island, Taiwan as revealed by pyrosequencing	Wang L, Cheung MK, Kwan HS, Hwang JS, Wong CK.	"J Basic Microbiol. 2015 Nov;55(11):1308-18. doi: 10.1002/jobm.201400811. Epub 2015 Jul 1."	Wang L	J Basic Microbiol	2015	2015/07/02			10.1002/jobm.201400811
26094864	Complete genome sequence of the hyperthermophilic methanogen Methanocaldococcus bathoardescens JH146(T) isolated from the basalt subseafloor	Kim YT, Jung JH, Stewart LC, Kwon SW, Holden JF, Park CS.	"Mar Genomics. 2015 Dec;24 Pt 3:229-30. doi: 10.1016/j.margen.2015.06.002. Epub 2015 Jun 18."	Kim YT	Mar Genomics	2015	2015/06/23			10.1016/j.margen.2015.06.002
26046257	Metagenomic resolution of microbial functions in deep-sea hydrothermal plumes across the Eastern Lau Spreading Center	Anantharaman K, Breier JA, Dick GJ.	"ISME J. 2016 Jan;10(1):225-39. doi: 10.1038/ismej.2015.81. Epub 2015 Jun 5."	Anantharaman K	ISME J	2016	2015/06/06	PMC4681857		10.1038/ismej.2015.81
25945739	Complex archaea that bridge the gap between prokaryotes and eukaryotes	Spang A, Saw JH, Jørgensen SL, Zaremba-Niedzwiedzka K, Martijn J, Lind AE, van Eijk R, Schleper C, Guy L, Ettema TJG.	"Nature. 2015 May 14;521(7551):173-179. doi: 10.1038/nature14447. Epub 2015 May 6."	Spang A	Nature	2015	2015/05/07	PMC4444528	EMS63446	10.1038/nature14447
25911946	Thermophiles in the genomic era: Biodiversity, science, and applications	Urbieta MS, Donati ER, Chan KG, Shahar S, Sin LL, Goh KM.	"Biotechnol Adv. 2015 Nov 1;33(6 Pt 1):633-47. doi: 10.1016/j.biotechadv.2015.04.007. Epub 2015 Apr 22."	Urbieta MS	Biotechnol Adv	2015	2015/04/28			10.1016/j.biotechadv.2015.04.007
25911507	An abyssal mobilome: viruses, plasmids and vesicles from deep-sea hydrothermal vents	Lossouarn J, Dupont S, Gorlas A, Mercier C, Bienvenu N, Marguet E, Forterre P, Geslin C.	"Res Microbiol. 2015 Dec;166(10):742-52. doi: 10.1016/j.resmic.2015.04.001. Epub 2015 Apr 22."	Lossouarn J	Res Microbiol	2015	2015/04/26			10.1016/j.resmic.2015.04.001
25885564	Temporal and spatial constraints on community assembly during microbial colonization of wood in seawater	Kalenitchenko D, Fagervold SK, Pruski AM, Vétion G, Yücel M, Le Bris N, Galand PE.	"ISME J. 2015 Dec;9(12):2657-70. doi: 10.1038/ismej.2015.61. Epub 2015 Apr 17."	Kalenitchenko D	ISME J	2015	2015/04/18	PMC4817635		10.1038/ismej.2015.61
25855623	Methanoculleus sediminis sp. nov., a methanogen from sediments near a submarine mud volcano	Chen SC, Chen MF, Lai MC, Weng CY, Wu SY, Lin S, Yang TF, Chen PC.	"Int J Syst Evol Microbiol. 2015 Jul;65(7):2141-2147. doi: 10.1099/ijs.0.000233. Epub 2015 Apr 8."	Chen SC	Int J Syst Evol Microbiol	2015	2015/04/10			10.1099/ijs.0.000233
25778451	Biogeochemical insights into microbe-mineral-fluid interactions in hydrothermal chimneys using enrichment culture	Callac N, Rouxel O, Lesongeur F, Liorzou C, Bollinger C, Pignet P, Chéron S, Fouquet Y, Rommevaux-Jestin C, Godfroy A.	"Extremophiles. 2015 May;19(3):597-617. doi: 10.1007/s00792-015-0742-5. Epub 2015 Mar 17."	Callac N	Extremophiles	2015	2015/03/18			10.1007/s00792-015-0742-5
25775520	Global dispersion and local diversification of the methane seep microbiome	Ruff SE, Biddle JF, Teske AP, Knittel K, Boetius A, Ramette A.	"Proc Natl Acad Sci U S A. 2015 Mar 31;112(13):4015-20. doi: 10.1073/pnas.1421865112. Epub 2015 Mar 16."	Ruff SE	Proc Natl Acad Sci U S A	2015	2015/03/17	PMC4386351		10.1073/pnas.1421865112
25764538	Biogeography and ecology of the rare and abundant microbial lineages in deep-sea hydrothermal vents	Anderson RE, Sogin ML, Baross JA.	"FEMS Microbiol Ecol. 2015 Jan;91(1):1-11. doi: 10.1093/femsec/fiu016. Epub 2014 Dec 5."	Anderson RE	FEMS Microbiol Ecol	2015	2015/03/13			10.1093/femsec/fiu016
25671714	Transient changes in bacterioplankton communities induced by the submarine volcanic eruption of El Hierro (Canary Islands)	Ferrera I, Arístegui J, González JM, Montero MF, Fraile-Nuez E, Gasol JM.	"PLoS One. 2015 Feb 11;10(2):e0118136. doi: 10.1371/journal.pone.0118136. eCollection 2015."	Ferrera I	PLoS One	2015	2015/02/12	PMC4324844		10.1371/journal.pone.0118136
25634941	Methanocaldococcus bathoardescens sp. nov., a hyperthermophilic methanogen isolated from a volcanically active deep-sea hydrothermal vent	Stewart LC, Jung JH, Kim YT, Kwon SW, Park CS, Holden JF.	"Int J Syst Evol Microbiol. 2015 Apr;65(Pt 4):1280-1283. doi: 10.1099/ijs.0.000097. Epub 2015 Jan 29."	Stewart LC	Int J Syst Evol Microbiol	2015	2015/01/31			10.1099/ijs.0.000097
25527539	Diversity of methane-cycling archaea in hydrothermal sediment investigated by general and group-specific PCR primers	Lever MA, Teske AP.	"Appl Environ Microbiol. 2015 Feb;81(4):1426-41. doi: 10.1128/AEM.03588-14."	Lever MA	Appl Environ Microbiol	2015	2014/12/21	PMC4309701		10.1128/AEM.03588-14
25489728	Spatially resolved sampling reveals dynamic microbial communities in rising hydrothermal plumes across a back-arc basin	Sheik CS, Anantharaman K, Breier JA, Sylvan JB, Edwards KJ, Dick GJ.	"ISME J. 2015 Jun;9(6):1434-45. doi: 10.1038/ismej.2014.228. Epub 2014 Dec 9."	Sheik CS	ISME J	2015	2014/12/10	PMC4438330		10.1038/ismej.2014.228
25444877	Complete genome sequence of Thermococcus eurythermalis A501, a conditional piezophilic hyperthermophilic archaeon with a wide temperature range, isolated from an oil-immersed deep-sea hydrothermal chimney on Guaymas Basin	Zhao W, Xiao X.	"J Biotechnol. 2015 Jan 10;193:14-5. doi: 10.1016/j.jbiotec.2014.11.006. Epub 2014 Nov 14."	Zhao W	J Biotechnol	2015	2014/12/03			10.1016/j.jbiotec.2014.11.006
25422936	Antibacterial gene transfer across the tree of life	Metcalf JA, Funkhouser-Jones LJ, Brileya K, Reysenbach AL, Bordenstein SR.	"Elife. 2014 Nov 25;3:e04266. doi: 10.7554/eLife.04266."	Metcalf JA	Elife	2014	2014/11/26	PMC4241558		10.7554/eLife.04266
25416759	The Geoglobus acetivorans genome: Fe(III) reduction, acetate utilization, autotrophic growth, and degradation of aromatic compounds in a hyperthermophilic archaeon	Mardanov AV, Slododkina GB, Slobodkin AI, Beletsky AV, Gavrilov SN, Kublanov IV, Bonch-Osmolovskaya EA, Skryabin KG, Ravin NV.	"Appl Environ Microbiol. 2015 Feb;81(3):1003-12. doi: 10.1128/AEM.02705-14. Epub 2014 Nov 21."	Mardanov AV	Appl Environ Microbiol	2015	2014/11/23	PMC4292469		10.1128/AEM.02705-14
25373332	Community composition of known and uncultured archaeal lineages in anaerobic or anoxic wastewater treatment sludge	Kuroda K, Hatamoto M, Nakahara N, Abe K, Takahashi M, Araki N, Yamaguchi T.	"Microb Ecol. 2015 Apr;69(3):586-96. doi: 10.1007/s00248-014-0525-z. Epub 2014 Nov 6."	Kuroda K	Microb Ecol	2015	2014/11/07			10.1007/s00248-014-0525-z
25288278	Thermococcus eurythermalis sp. nov., a conditional piezophilic, hyperthermophilic archaeon with a wide temperature range for growth, isolated from an oil-immersed chimney in the Guaymas Basin	Zhao W, Zeng X, Xiao X.	"Int J Syst Evol Microbiol. 2015 Jan;65(Pt 1):30-35. doi: 10.1099/ijs.0.067942-0. Epub 2014 Oct 6."	Zhao W	Int J Syst Evol Microbiol	2015	2014/10/08			10.1099/ijs.0.067942-0
25124552	Comparative genomics highlights the unique biology of Methanomassiliicoccales, a Thermoplasmatales-related seventh order of methanogenic archaea that encodes pyrrolysine	Borrel G, Parisot N, Harris HM, Peyretaillade E, Gaci N, Tottey W, Bardot O, Raymann K, Gribaldo S, Peyret P, O'Toole PW, Brugère JF.	"BMC Genomics. 2014 Aug 13;15:679. doi: 10.1186/1471-2164-15-679."	Borrel G	BMC Genomics	2014	2014/08/16	PMC4153887		10.1186/1471-2164-15-679
25082851	Thermococcus paralvinellae sp. nov. and Thermococcus cleftensis sp. nov. of hyperthermophilic heterotrophs from deep-sea hydrothermal vents	Hensley SA, Jung JH, Park CS, Holden JF.	"Int J Syst Evol Microbiol. 2014 Nov;64(Pt 11):3655-3659. doi: 10.1099/ijs.0.066100-0. Epub 2014 Jul 31."	Hensley SA	Int J Syst Evol Microbiol	2014	2014/08/02			10.1099/ijs.0.066100-0
25063666	Microbial community stratification controlled by the subseafloor fluid flow and geothermal gradient at the Iheya North hydrothermal field in the Mid-Okinawa Trough (Integrated Ocean Drilling Program Expedition 331)	Yanagawa K, Breuker A, Schippers A, Nishizawa M, Ijiri A, Hirai M, Takaki Y, Sunamura M, Urabe T, Nunoura T, Takai K.	"Appl Environ Microbiol. 2014 Oct;80(19):6126-35. doi: 10.1128/AEM.01741-14. Epub 2014 Jul 25."	Yanagawa K	Appl Environ Microbiol	2014	2014/07/27	PMC4178666		10.1128/AEM.01741-14
24893665	Bacteria dominate the ammonia-oxidizing community in a hydrothermal vent site at the Mid-Atlantic Ridge of the South Atlantic Ocean	Xu W, Li M, Ding JF, Gu JD, Luo ZH.	"Appl Microbiol Biotechnol. 2014 Sep;98(18):7993-8004. doi: 10.1007/s00253-014-5833-1. Epub 2014 Jun 4."	Xu W	Appl Microbiol Biotechnol	2014	2014/06/05			10.1007/s00253-014-5833-1
24837380	Influence of DNA extraction method, 16S rRNA targeted hypervariable regions, and sample origin on microbial diversity detected by 454 pyrosequencing in marine chemosynthetic ecosystems	Cruaud P, Vigneron A, Lucchetti-Miganeh C, Ciron PE, Godfroy A, Cambon-Bonavita MA.	"Appl Environ Microbiol. 2014 Aug;80(15):4626-39. doi: 10.1128/AEM.00592-14."	Cruaud P	Appl Environ Microbiol	2014	2014/05/20	PMC4148798		10.1128/AEM.00592-14
24614846	Methanococcoides vulcani sp. nov., a marine methylotrophic methanogen that uses betaine, choline and N,N-dimethylethanolamine for methanogenesis, isolated from a mud volcano, and emended description of the genus Methanococcoides	L'Haridon S, Chalopin M, Colombo D, Toffin L.	"Int J Syst Evol Microbiol. 2014 Jun;64(Pt 6):1978-1983. doi: 10.1099/ijs.0.058289-0. Epub 2014 Mar 10."	L'Haridon S	Int J Syst Evol Microbiol	2014	2014/03/12			10.1099/ijs.0.058289-0
24593671	Anaerobic methanotrophic community of a 5346-m-deep vesicomyid clam colony in the Japan Trench	Felden J, Ruff SE, Ertefai T, Inagaki F, Hinrichs KU, Wenzhöfer F.	"Geobiology. 2014 May;12(3):183-99. doi: 10.1111/gbi.12078. Epub 2014 Mar 5."	Felden J	Geobiology	2014	2014/03/06	PMC4237546		10.1111/gbi.12078
24556637	Thermococcus nautili sp. nov., a hyperthermophilic archaeon isolated from a hydrothermal deep-sea vent	Gorlas A, Croce O, Oberto J, Gauliard E, Forterre P, Marguet E.	"Int J Syst Evol Microbiol. 2014 May;64(Pt 5):1802-1810. doi: 10.1099/ijs.0.060376-0. Epub 2014 Feb 20."	Gorlas A	Int J Syst Evol Microbiol	2014	2014/02/22			10.1099/ijs.0.060376-0
24472758	Complete genome sequence of hyperthermophilic archaeon Thermococcus sp. ES1	Jung JH, Kim YT, Jeon EJ, Seo DH, Hensley SA, Holden JF, Lee JH, Park CS.	"J Biotechnol. 2014 Mar 20;174:14-5. doi: 10.1016/j.jbiotec.2014.01.022. Epub 2014 Jan 25."	Jung JH	J Biotechnol	2014	2014/01/30			10.1016/j.jbiotec.2014.01.022
24430467	Purification and characterization of a thermostable aliphatic amidase from the hyperthermophilic archaeon Pyrococcus yayanosii CH1	Fu L, Li X, Xiao X, Xu J.	"Extremophiles. 2014 Mar;18(2):429-40. doi: 10.1007/s00792-014-0628-y. Epub 2014 Jan 16."	Fu L	Extremophiles	2014	2014/01/17			10.1007/s00792-014-0628-y
24286252	Close association of active nitrifiers with Beggiatoa mats covering deep-sea hydrothermal sediments	Winkel M, de Beer D, Lavik G, Peplies J, Mußmann M.	"Environ Microbiol. 2014 Jun;16(6):1612-26. doi: 10.1111/1462-2920.12316. Epub 2013 Nov 28."	Winkel M	Environ Microbiol	2014	2013/11/30			10.1111/1462-2920.12316
24115616	Growth kinetics and energetics of a deep-sea hyperthermophilic methanogen under varying environmental conditions	Ver Eecke HC, Akerman NH, Huber JA, Butterfield DA, Holden JF.	"Environ Microbiol Rep. 2013 Oct;5(5):665-71. doi: 10.1111/1758-2229.12065. Epub 2013 May 6."	Ver Eecke HC	Environ Microbiol Rep	2013	2013/10/12			10.1111/1758-2229.12065
24112684	Microbial community structure and functioning in marine sediments associated with diffuse hydrothermal venting assessed by integrated meta-omics	Urich T, Lanzén A, Stokke R, Pedersen RB, Bayer C, Thorseth IH, Schleper C, Steen IH, Ovreas L.	"Environ Microbiol. 2014 Sep;16(9):2699-710. doi: 10.1111/1462-2920.12283. Epub 2013 Oct 27."	Urich T	Environ Microbiol	2014	2013/10/12			10.1111/1462-2920.12283
24062731	Yellowstone lake nanoarchaeota	Clingenpeel S, Kan J, Macur RE, Woyke T, Lovalvo D, Varley J, Inskeep WP, Nealson K, McDermott TR.	"Front Microbiol. 2013 Sep 11;4:274. doi: 10.3389/fmicb.2013.00274. eCollection 2013."	Clingenpeel S	Front Microbiol	2013	2013/09/25	PMC3769629		10.3389/fmicb.2013.00274
23964799	Hyperbaric biofilms on engineering surfaces formed in the deep sea	Meier A, Tsaloglou NM, Mowlem MC, Keevil CW, Connelly DP.	"Biofouling. 2013;29(9):1029-42. doi: 10.1080/08927014.2013.824967. Epub 2013 Aug 21."	Meier A	Biofouling	2013	2013/08/23			10.1080/08927014.2013.824967
23939372	New insights into hydrothermal vent processes in the unique shallow-submarine arc-volcano, Kolumbo (Santorini), Greece	Kilias SP, Nomikou P, Papanikolaou D, Polymenakou PN, Godelitsas A, Argyraki A, Carey S, Gamaletsos P, Mertzimekis TJ, Stathopoulou E, Goettlicher J, Steininger R, Betzelou K, Livanos I, Christakis C, Bell KC, Scoullos M.	"Sci Rep. 2013;3:2421. doi: 10.1038/srep02421."	Kilias SP	Sci Rep	2013	2013/08/14	PMC3741630		10.1038/srep02421
23872576	Variation of the virus-related elements within syntenic genomes of the hyperthermophilic Archaeon Aeropyrum	Daifuku T, Yoshida T, Kitamura T, Kawaichi S, Inoue T, Nomura K, Yoshida Y, Kuno S, Sako Y.	"Appl Environ Microbiol. 2013 Oct;79(19):5891-8. doi: 10.1128/AEM.01089-13. Epub 2013 Jul 19."	Daifuku T	Appl Environ Microbiol	2013	2013/07/23	PMC3811351		10.1128/AEM.01089-13
23847597	Archaeal and bacterial diversity in an arsenic-rich shallow-sea hydrothermal system undergoing phase separation	Price RE, Lesniewski R, Nitzsche KS, Meyerdierks A, Saltikov C, Pichler T, Amend JP.	"Front Microbiol. 2013 Jul 9;4:158. doi: 10.3389/fmicb.2013.00158. eCollection 2013."	Price RE	Front Microbiol	2013	2013/07/13	PMC3705188		10.3389/fmicb.2013.00158
23843994	Subglacial Lake Vostok (Antarctica) accretion ice contains a diverse set of sequences from aquatic, marine and sediment-inhabiting bacteria and eukarya	Shtarkman YM, Koçer ZA, Edgar R, Veerapaneni RS, D'Elia T, Morris PF, Rogers SO.	"PLoS One. 2013 Jul 3;8(7):e67221. doi: 10.1371/journal.pone.0067221. Print 2013."	Shtarkman YM	PLoS One	2013	2013/07/12	PMC3700977		10.1371/journal.pone.0067221
23785357	Metagenome reveals potential microbial degradation of hydrocarbon coupled with sulfate reduction in an oil-immersed chimney from Guaymas Basin	He Y, Xiao X, Wang F.	"Front Microbiol. 2013 Jun 14;4:148. doi: 10.3389/fmicb.2013.00148. eCollection 2013."	He Y	Front Microbiol	2013	2013/06/21	PMC3682177		10.3389/fmicb.2013.00148
23785361	"Microbiological characterization of post-eruption ""snowblower"" vents at Axial Seamount, Juan de Fuca Ridge"	Meyer JL, Akerman NH, Proskurowski G, Huber JA.	"Front Microbiol. 2013 Jun 17;4:153. doi: 10.3389/fmicb.2013.00153. eCollection 2013."	Meyer JL	Front Microbiol	2013	2013/06/21	PMC3683637		10.3389/fmicb.2013.00153
23702516	Community transcriptomic assembly reveals microbes that contribute to deep-sea carbon and nitrogen cycling	Baker BJ, Sheik CS, Taylor CA, Jain S, Bhasi A, Cavalcoli JD, Dick GJ.	"ISME J. 2013 Oct;7(10):1962-73. doi: 10.1038/ismej.2013.85. Epub 2013 May 23."	Baker BJ	ISME J	2013	2013/05/25	PMC3965313		10.1038/ismej.2013.85
23632917	An integrated study reveals diverse methanogens, Thaumarchaeota, and yet-uncultivated archaeal lineages in Armenian hot springs	Hedlund BP, Dodsworth JA, Cole JK, Panosyan HH.	"Antonie Van Leeuwenhoek. 2013 Jul;104(1):71-82. doi: 10.1007/s10482-013-9927-z. Epub 2013 Apr 30."	Hedlund BP	Antonie Van Leeuwenhoek	2013	2013/05/02			10.1007/s10482-013-9927-z
23626587	Characteristics of microbial communities in crustal fluids in a deep-sea hydrothermal field of the suiyo seamount	Kato S, Nakawake M, Kita J, Yamanaka T, Utsumi M, Okamura K, Ishibashi J, Ohkuma M, Yamagishi A.	"Front Microbiol. 2013 Apr 17;4:85. doi: 10.3389/fmicb.2013.00085. eCollection 2013."	Kato S	Front Microbiol	2013	2013/04/30	PMC3627986		10.3389/fmicb.2013.00085
23584787	Living side by side with a virus: characterization of two novel plasmids from Thermococcus prieurii, a host for the spindle-shaped virus TPV1	Gorlas A, Krupovic M, Forterre P, Geslin C.	"Appl Environ Microbiol. 2013 Jun;79(12):3822-8. doi: 10.1128/AEM.00525-13. Epub 2013 Apr 12."	Gorlas A	Appl Environ Microbiol	2013	2013/04/16	PMC3675944		10.1128/AEM.00525-13
23542623	Distinctive microbial community structure in highly stratified deep-sea brine water columns	Bougouffa S, Yang JK, Lee OO, Wang Y, Batang Z, Al-Suwailem A, Qian PY.	"Appl Environ Microbiol. 2013 Jun;79(11):3425-37. doi: 10.1128/AEM.00254-13. Epub 2013 Mar 29."	Bougouffa S	Appl Environ Microbiol	2013	2013/04/02	PMC3648036		10.1128/AEM.00254-13
23535916	Characterizing the distribution and rates of microbial sulfate reduction at Middle Valley hydrothermal vents	Frank KL, Rogers DR, Olins HC, Vidoudez C, Girguis PR.	"ISME J. 2013 Jul;7(7):1391-401. doi: 10.1038/ismej.2013.17. Epub 2013 Mar 28."	Frank KL	ISME J	2013	2013/03/29	PMC3695286		10.1038/ismej.2013.17
23422322	Diversity of CRISPR systems in the euryarchaeal Pyrococcales	Norais C, Moisan A, Gaspin C, Clouet-d'Orval B.	"RNA Biol. 2013 May;10(5):659-70. doi: 10.4161/rna.23927. Epub 2013 Feb 19."	Norais C	RNA Biol	2013	2013/02/21	PMC3737323		10.4161/rna.23927
23355695	Thermococcus prieurii sp. nov., a hyperthermophilic archaeon isolated from a deep-sea hydrothermal vent	Gorlas A, Alain K, Bienvenu N, Geslin C.	"Int J Syst Evol Microbiol. 2013 Aug;63(Pt 8):2920-2926. doi: 10.1099/ijs.0.026419-0. Epub 2013 Jan 25."	Gorlas A	Int J Syst Evol Microbiol	2013	2013/01/29			10.1099/ijs.0.026419-0
23326305	Insights into dynamics of mobile genetic elements in hyperthermophilic environments from five new Thermococcus plasmids	Krupovic M, Gonnet M, Hania WB, Forterre P, Erauso G.	"PLoS One. 2013;8(1):e49044. doi: 10.1371/journal.pone.0049044. Epub 2013 Jan 11."	Krupovic M	PLoS One	2013	2013/01/18	PMC3543421		10.1371/journal.pone.0049044
23197941	RNA-based assessment of diversity and composition of active archaeal communities in the German Bight	Wemheuer B, Wemheuer F, Daniel R.	"Archaea. 2012;2012:695826. doi: 10.1155/2012/695826. Epub 2012 Nov 12."	Wemheuer B	Archaea	2012	2012/12/01	PMC3502831		10.1155/2012/695826
23183981	Detection of putatively thermophilic anaerobic methanotrophs in diffuse hydrothermal vent fluids	Merkel AY, Huber JA, Chernyh NA, Bonch-Osmolovskaya EA, Lebedinsky AV.	"Appl Environ Microbiol. 2013 Feb;79(3):915-23. doi: 10.1128/AEM.03034-12. Epub 2012 Nov 26."	Merkel AY	Appl Environ Microbiol	2013	2012/11/28	PMC3568577		10.1128/AEM.03034-12
23104364	Palaeococcus pacificus sp. nov., an archaeon from deep-sea hydrothermal sediment	Zeng X, Zhang X, Jiang L, Alain K, Jebbar M, Shao Z.	"Int J Syst Evol Microbiol. 2013 Jun;63(Pt 6):2155-2159. doi: 10.1099/ijs.0.044487-0. Epub 2012 Oct 26."	Zeng X	Int J Syst Evol Microbiol	2013	2012/10/30			10.1099/ijs.0.044487-0
23027979	Correlating microbial community profiles with geochemical data in highly stratified sediments from the Arctic Mid-Ocean Ridge	Jorgensen SL, Hannisdal B, Lanzén A, Baumberger T, Flesland K, Fonseca R, Ovreås L, Steen IH, Thorseth IH, Pedersen RB, Schleper C.	"Proc Natl Acad Sci U S A. 2012 Oct 16;109(42):E2846-55. doi: 10.1073/pnas.1207574109. Epub 2012 Oct 1."	Jorgensen SL	Proc Natl Acad Sci U S A	2012	2012/10/03	PMC3479504		10.1073/pnas.1207574109
23006788	Microbial diversity of Loki's Castle black smokers at the Arctic Mid-Ocean Ridge	Jaeschke A, Jørgensen SL, Bernasconi SM, Pedersen RB, Thorseth IH, Früh-Green GL.	"Geobiology. 2012 Nov;10(6):548-61. doi: 10.1111/gbi.12009. Epub 2012 Sep 25."	Jaeschke A	Geobiology	2012	2012/09/26			10.1111/gbi.12009
22970260	Sulfur metabolizing microbes dominate microbial communities in Andesite-hosted shallow-sea hydrothermal systems	Zhang Y, Zhao Z, Chen CT, Tang K, Su J, Jiao N.	"PLoS One. 2012;7(9):e44593. doi: 10.1371/journal.pone.0044593. Epub 2012 Sep 7."	Zhang Y	PLoS One	2012	2012/09/13	PMC3436782		10.1371/journal.pone.0044593
22887670	Complete genome sequence of the hyperthermophilic archaeon Thermococcus sp. strain CL1, isolated from a Paralvinella sp. polychaete worm collected from a hydrothermal vent	Jung JH, Holden JF, Seo DH, Park KH, Shin H, Ryu S, Lee JH, Park CS.	"J Bacteriol. 2012 Sep;194(17):4769-70. doi: 10.1128/JB.01016-12."	Jung JH	J Bacteriol	2012	2012/08/14	PMC3415475		10.1128/JB.01016-12
22869718	Hydrogen-limited growth of hyperthermophilic methanogens at deep-sea hydrothermal vents	Ver Eecke HC, Butterfield DA, Huber JA, Lilley MD, Olson EJ, Roe KK, Evans LJ, Merkel AY, Cantin HV, Holden JF.	"Proc Natl Acad Sci U S A. 2012 Aug 21;109(34):13674-9. doi: 10.1073/pnas.1206632109. Epub 2012 Aug 6."	Ver Eecke HC	Proc Natl Acad Sci U S A	2012	2012/08/08	PMC3427048		10.1073/pnas.1206632109
22848664	Genome-wide transcriptional response of the archaeon Thermococcus gammatolerans to cadmium	Lagorce A, Fourçans A, Dutertre M, Bouyssiere B, Zivanovic Y, Confalonieri F.	"PLoS One. 2012;7(7):e41935. doi: 10.1371/journal.pone.0041935. Epub 2012 Jul 27."	Lagorce A	PLoS One	2012	2012/08/01	PMC3407056		10.1371/journal.pone.0041935
22843576	Complete genome sequence of the hyperthermophilic archaeon Pyrococcus sp. strain ST04, isolated from a deep-sea hydrothermal sulfide chimney on the Juan de Fuca Ridge	Jung JH, Lee JH, Holden JF, Seo DH, Shin H, Kim HY, Kim W, Ryu S, Park CS.	"J Bacteriol. 2012 Aug;194(16):4434-5. doi: 10.1128/JB.00824-12."	Jung JH	J Bacteriol	2012	2012/07/31	PMC3416228		10.1128/JB.00824-12
22768359	Complete genome sequence of the thermophilic sulfate-reducing ocean bacterium Thermodesulfatator indicus type strain (CIR29812(T))	Anderson I, Saunders E, Lapidus A, Nolan M, Lucas S, Tice H, Del Rio TG, Cheng JF, Han C, Tapia R, Goodwin LA, Pitluck S, Liolios K, Mavromatis K, Pagani I, Ivanova N, Mikhailova N, Pati A, Chen A, Palaniappan K, Land M, Hauser L, Jeffries CD, Chang YJ, Brambilla EM, Rohde M, Spring S, Göker M, Detter JC, Woyke T, Bristow J, Eisen JA, Markowitz V, Hugenholtz P, Kyrpides NC, Klenk HP.	"Stand Genomic Sci. 2012 May 25;6(2):155-64. doi: 10.4056/sigs.2665915. Epub 2012 May 4."	Anderson I	Stand Genomic Sci	2012	2012/07/07	PMC3387792		10.4056/sigs.2665915
22695860	The metatranscriptome of a deep-sea hydrothermal plume is dominated by water column methanotrophs and lithotrophs	Lesniewski RA, Jain S, Anantharaman K, Schloss PD, Dick GJ.	"ISME J. 2012 Dec;6(12):2257-68. doi: 10.1038/ismej.2012.63. Epub 2012 Jun 14."	Lesniewski RA	ISME J	2012	2012/06/15	PMC3504965		10.1038/ismej.2012.63
22695863	Genome-enabled transcriptomics reveals archaeal populations that drive nitrification in a deep-sea hydrothermal plume	Baker BJ, Lesniewski RA, Dick GJ.	"ISME J. 2012 Dec;6(12):2269-79. doi: 10.1038/ismej.2012.64. Epub 2012 Jun 14."	Baker BJ	ISME J	2012	2012/06/15	PMC3504958		10.1038/ismej.2012.64
22675595	Complete genome sequence of the aerobic, heterotroph Marinithermus hydrothermalis type strain (T1(T)) from a deep-sea hydrothermal vent chimney	Copeland A, Gu W, Yasawong M, Lapidus A, Lucas S, Deshpande S, Pagani I, Tapia R, Cheng JF, Goodwin LA, Pitluck S, Liolios K, Ivanova N, Mavromatis K, Mikhailova N, Pati A, Chen A, Palaniappan K, Land M, Pan C, Brambilla EM, Rohde M, Tindall BJ, Sikorski J, Göker M, Detter JC, Bristow J, Eisen JA, Markowitz V, Hugenholtz P, Kyrpides NC, Klenk HP, Woyke T.	"Stand Genomic Sci. 2012 Mar 19;6(1):21-30. doi: 10.4056/sigs.2435521. Epub 2012 Mar 5."	Copeland A	Stand Genomic Sci	2012	2012/06/08	PMC3368408		10.4056/sigs.2435521
22675590	Complete genome sequence of the thermophilic sulfur-reducer Desulfurobacterium thermolithotrophum type strain (BSA(T)) from a deep-sea hydrothermal vent	Göker M, Daligault H, Mwirichia R, Lapidus A, Lucas S, Deshpande S, Pagani I, Tapia R, Cheng JF, Goodwin L, Pitluck S, Liolios K, Ivanova N, Mavromatis K, Mikhailova N, Pati A, Chen A, Palaniappan K, Han C, Land M, Hauser L, Pan C, Brambilla EM, Rohde M, Spring S, Sikorski J, Wirth R, Detter JC, Woyke T, Bristow J, Eisen JA, Markowitz V, Hugenholtz P, Kyrpides NC, Klenk HP.	"Stand Genomic Sci. 2011 Dec 31;5(3):407-15. doi: 10.4056/sigs.2465574. Epub 2011 Dec 30."	Göker M	Stand Genomic Sci	2011	2012/06/08	PMC3368423		10.4056/sigs.2465574
22510646	Microbial diversity in deep-sea methane seep sediments presented by SSU rRNA gene tag sequencing	Nunoura T, Takaki Y, Kazama H, Hirai M, Ashi J, Imachi H, Takai K.	"Microbes Environ. 2012;27(4):382-90. doi: 10.1264/jsme2.me12032. Epub 2012 Apr 18."	Nunoura T	Microbes Environ	2012	2012/04/19	PMC4103545		10.1264/jsme2.me12032
22443386	Inter-field variability in the microbial communities of hydrothermal vent deposits from a back-arc basin	Flores GE, Shakya M, Meneghin J, Yang ZK, Seewald JS, Geoff Wheat C, Podar M, Reysenbach AL.	"Geobiology. 2012 Jul;10(4):333-46. doi: 10.1111/j.1472-4669.2012.00325.x. Epub 2012 Mar 23."	Flores GE	Geobiology	2012	2012/03/27			10.1111/j.1472-4669.2012.00325.x
22363325	"Distribution, abundance, and diversity patterns of the thermoacidophilic ""deep-sea hydrothermal vent euryarchaeota 2"""	Flores GE, Wagner ID, Liu Y, Reysenbach AL.	"Front Microbiol. 2012 Feb 20;3:47. doi: 10.3389/fmicb.2012.00047. eCollection 2012."	Flores GE	Front Microbiol	2012	2012/02/25	PMC3282477		10.3389/fmicb.2012.00047
22210205	Spatial distribution of viruses associated with planktonic and attached microbial communities in hydrothermal environments	Yoshida-Takashima Y, Nunoura T, Kazama H, Noguchi T, Inoue K, Akashi H, Yamanaka T, Toki T, Yamamoto M, Furushima Y, Ueno Y, Yamamoto H, Takai K.	"Appl Environ Microbiol. 2012 Mar;78(5):1311-20. doi: 10.1128/AEM.06491-11. Epub 2011 Dec 30."	Yoshida-Takashima Y	Appl Environ Microbiol	2012	2012/01/03	PMC3294471		10.1128/AEM.06491-11
22180810	Complete genome sequence of Ferroglobus placidus AEDII12DO	Anderson I, Risso C, Holmes D, Lucas S, Copeland A, Lapidus A, Cheng JF, Bruce D, Goodwin L, Pitluck S, Saunders E, Brettin T, Detter JC, Han C, Tapia R, Larimer F, Land M, Hauser L, Woyke T, Lovley D, Kyrpides N, Ivanova N.	"Stand Genomic Sci. 2011 Oct 15;5(1):50-60. doi: 10.4056/sigs.2225018. Epub 2011 Oct 1."	Anderson I	Stand Genomic Sci	2011	2011/12/20	PMC3236036		10.4056/sigs.2225018
22180806	Complete genome sequence of Staphylothermus hellenicus P8	Anderson I, Wirth R, Lucas S, Copeland A, Lapidus A, Cheng JF, Goodwin L, Pitluck S, Davenport K, Detter JC, Han C, Tapia R, Land M, Hauser L, Pati A, Mikhailova N, Woyke T, Klenk HP, Kyrpides N, Ivanova N.	"Stand Genomic Sci. 2011 Oct 15;5(1):12-20. doi: 10.4056/sigs.2054696. Epub 2011 Sep 23."	Anderson I	Stand Genomic Sci	2011	2011/12/20	PMC3236042		10.4056/sigs.2054696
21914870	Complete genome sequence of Thermococcus sp. strain 4557, a hyperthermophilic archaeon isolated from a deep-sea hydrothermal vent area	Wang X, Gao Z, Xu X, Ruan L.	"J Bacteriol. 2011 Oct;193(19):5544-5. doi: 10.1128/JB.05851-11."	Wang X	J Bacteriol	2011	2011/09/15	PMC3187469		10.1128/JB.05851-11
21886865	Complete genome sequence of the hyperthermophilic chemolithoautotroph Pyrolobus fumarii type strain (1A)	Anderson I, Göker M, Nolan M, Lucas S, Hammon N, Deshpande S, Cheng JF, Tapia R, Han C, Goodwin L, Pitluck S, Huntemann M, Liolios K, Ivanova N, Pagani I, Mavromatis K, Ovchinikova G, Pati A, Chen A, Palaniappan K, Land M, Hauser L, Brambilla EM, Huber H, Yasawong M, Rohde M, Spring S, Abt B, Sikorski J, Wirth R, Detter JC, Woyke T, Bristow J, Eisen JA, Markowitz V, Hugenholtz P, Kyrpides NC, Klenk HP, Lapidus A.	"Stand Genomic Sci. 2011 Jul 1;4(3):381-92. doi: 10.4056/sigs.2014648."	Anderson I	Stand Genomic Sci	2011	2011/09/03	PMC3156397		10.4056/sigs.2014648
21811489	The deep biosphere in terrestrial sediments in the chesapeake bay area, virginia, USA	Breuker A, Köweker G, Blazejak A, Schippers A.	"Front Microbiol. 2011 Jul 19;2:156. doi: 10.3389/fmicb.2011.00156. eCollection 2011."	Breuker A	Front Microbiol	2011	2011/08/04	PMC3141351		10.3389/fmicb.2011.00156
21748268	Phylogenetic diversity and ecological pattern of ammonia-oxidizing archaea in the surface sediments of the western Pacific	Cao H, Hong Y, Li M, Gu JD.	"Microb Ecol. 2011 Nov;62(4):813-23. doi: 10.1007/s00248-011-9901-0. Epub 2011 Jul 12."	Cao H	Microb Ecol	2011	2011/07/13	PMC3206191		10.1007/s00248-011-9901-0
21707671	Comparison of microbial communities associated with three Atlantic ultramafic hydrothermal systems	Roussel EG, Konn C, Charlou JL, Donval JP, Fouquet Y, Querellou J, Prieur D, Bonavita MA.	"FEMS Microbiol Ecol. 2011 Sep;77(3):647-65. doi: 10.1111/j.1574-6941.2011.01161.x. Epub 2011 Jul 25."	Roussel EG	FEMS Microbiol Ecol	2011	2011/06/29			10.1111/j.1574-6941.2011.01161.x
21696407	Abundance and phylogenetic identity of archaeoplankton in the permanent oxygen minimum zone of the eastern tropical South Pacific	Belmar L, Molina V, Ulloa O.	"FEMS Microbiol Ecol. 2011 Nov;78(2):314-26. doi: 10.1111/j.1574-6941.2011.01159.x. Epub 2011 Jul 14."	Belmar L	FEMS Microbiol Ecol	2011	2011/06/24			10.1111/j.1574-6941.2011.01159.x
21677858	Complete genome sequence of Oceanithermus profundus type strain (506)	Pati A, Zhang X, Lapidus A, Nolan M, Lucas S, Del Rio TG, Tice H, Cheng JF, Tapia R, Han C, Goodwin L, Pitluck S, Liolios K, Pagani I, Ivanova N, Mavromatis K, Chen A, Palaniappan K, Hauser L, Jeffries CD, Brambilla EM, Röhl A, Mwirichia R, Rohde M, Tindall BJ, Sikorski J, Wirth R, Göker M, Woyke T, Detter JC, Bristow J, Eisen JA, Markowitz V, Hugenholtz P, Kyrpides NC, Klenk HP, Land M.	"Stand Genomic Sci. 2011 Apr 29;4(2):210-20. doi: 10.4056/sigs.1734292."	Pati A	Stand Genomic Sci	2011	2011/06/17	PMC3111992		10.4056/sigs.1734292
21602357	Complete genome sequence of hyperthermophilic Pyrococcus sp. strain NA2, isolated from a deep-sea hydrothermal vent area	Lee HS, Bae SS, Kim MS, Kwon KK, Kang SG, Lee JH.	"J Bacteriol. 2011 Jul;193(14):3666-7. doi: 10.1128/JB.05150-11. Epub 2011 May 20."	Lee HS	J Bacteriol	2011	2011/05/24	PMC3133302		10.1128/JB.05150-11
21544103	Archaea in Yellowstone Lake	Kan J, Clingenpeel S, Macur RE, Inskeep WP, Lovalvo D, Varley J, Gorby Y, McDermott TR, Nealson K.	"ISME J. 2011 Nov;5(11):1784-95. doi: 10.1038/ismej.2011.56. Epub 2011 May 5."	Kan J	ISME J	2011	2011/05/06	PMC3197168		10.1038/ismej.2011.56
21418499	Microbial community structure of hydrothermal deposits from geochemically different vent fields along the Mid-Atlantic Ridge	Flores GE, Campbell JH, Kirshtein JD, Meneghin J, Podar M, Steinberg JI, Seewald JS, Tivey MK, Voytek MA, Yang ZK, Reysenbach AL.	"Environ Microbiol. 2011 Aug;13(8):2158-71. doi: 10.1111/j.1462-2920.2011.02463.x. Epub 2011 Mar 21."	Flores GE	Environ Microbiol	2011	2011/03/23			10.1111/j.1462-2920.2011.02463.x
21410492	Using CRISPRs as a metagenomic tool to identify microbial hosts of a diffuse flow hydrothermal vent viral assemblage	Anderson RE, Brazelton WJ, Baross JA.	"FEMS Microbiol Ecol. 2011 Jul;77(1):120-33. doi: 10.1111/j.1574-6941.2011.01090.x. Epub 2011 Apr 11."	Anderson RE	FEMS Microbiol Ecol	2011	2011/03/18			10.1111/j.1574-6941.2011.01090.x
21348883	Diversity and function in microbial mats from the Lucky Strike hydrothermal vent field	Crépeau V, Cambon Bonavita MA, Lesongeur F, Randrianalivelo H, Sarradin PM, Sarrazin J, Godfroy A.	"FEMS Microbiol Ecol. 2011 Jun;76(3):524-40. doi: 10.1111/j.1574-6941.2011.01070.x. Epub 2011 Mar 15."	Crépeau V	FEMS Microbiol Ecol	2011	2011/02/26			10.1111/j.1574-6941.2011.01070.x
21304749	Complete genome sequence of Sulfurimonas autotrophica type strain (OK10)	Sikorski J, Munk C, Lapidus A, Ngatchou Djao OD, Lucas S, Glavina Del Rio T, Nolan M, Tice H, Han C, Cheng JF, Tapia R, Goodwin L, Pitluck S, Liolios K, Ivanova N, Mavromatis K, Mikhailova N, Pati A, Sims D, Meincke L, Brettin T, Detter JC, Chen A, Palaniappan K, Land M, Hauser L, Chang YJ, Jeffries CD, Rohde M, Lang E, Spring S, Göker M, Woyke T, Bristow J, Eisen JA, Markowitz V, Hugenholtz P, Kyrpides NC, Klenk HP.	"Stand Genomic Sci. 2010 Oct 27;3(2):194-202. doi: 10.4056/sigs.1173118."	Sikorski J	Stand Genomic Sci	2010	2011/02/10	PMC3035374		10.4056/sigs.1173118
21304655	Complete genome sequence of Staphylothermus marinus Stetter and Fiala 1986 type strain F1	Anderson IJ, Sun H, Lapidus A, Copeland A, Glavina Del Rio T, Tice H, Dalin E, Lucas S, Barry K, Land M, Richardson P, Huber H, Kyrpides NC.	"Stand Genomic Sci. 2009 Sep 25;1(2):183-8. doi: 10.4056/sigs.30527."	Anderson IJ	Stand Genomic Sci	2009	2011/02/10	PMC3035234		10.4056/sigs.30527
21239564	Pyrococcus yayanosii sp. nov., an obligate piezophilic hyperthermophilic archaeon isolated from a deep-sea hydrothermal vent	Birrien JL, Zeng X, Jebbar M, Cambon-Bonavita MA, Quérellou J, Oger P, Bienvenu N, Xiao X, Prieur D.	"Int J Syst Evol Microbiol. 2011 Dec;61(Pt 12):2827-2881. doi: 10.1099/ijs.0.024653-0. Epub 2011 Jan 14."	Birrien JL	Int J Syst Evol Microbiol	2011	2011/01/18			10.1099/ijs.0.024653-0
21217005	Complete genome sequence of the hyperthermophilic, piezophilic, heterotrophic, and carboxydotrophic archaeon Thermococcus barophilus MP	Vannier P, Marteinsson VT, Fridjonsson OH, Oger P, Jebbar M.	"J Bacteriol. 2011 Mar;193(6):1481-2. doi: 10.1128/JB.01490-10. Epub 2011 Jan 7."	Vannier P	J Bacteriol	2011	2011/01/11	PMC3067617		10.1128/JB.01490-10
20725722	Characterization of archaeal community in contaminated and uncontaminated surface stream sediments	Porat I, Vishnivetskaya TA, Mosher JJ, Brandt CC, Yang ZK, Brooks SC, Liang L, Drake MM, Podar M, Brown SD, Palumbo AV.	"Microb Ecol. 2010 Nov;60(4):784-95. doi: 10.1007/s00248-010-9734-2. Epub 2010 Aug 20."	Porat I	Microb Ecol	2010	2010/08/21	PMC2974187		10.1007/s00248-010-9734-2
20593184	A GH57 family amylopullulanase from deep-sea Thermococcus siculi: expression of the gene and characterization of the recombinant enzyme	Jiao YL, Wang SJ, Lv MS, Xu JL, Fang YW, Liu S.	"Curr Microbiol. 2011 Jan;62(1):222-8. doi: 10.1007/s00284-010-9690-6. Epub 2010 Jul 1."	Jiao YL	Curr Microbiol	2011	2010/07/02			10.1007/s00284-010-9690-6
20402778	Diversity, abundance and distribution of amoA-encoding archaea in deep-sea methane seep sediments of the Okhotsk Sea	Dang H, Luan XW, Chen R, Zhang X, Guo L, Klotz MG.	"FEMS Microbiol Ecol. 2010 Jun;72(3):370-85. doi: 10.1111/j.1574-6941.2010.00870.x. Epub 2010 Mar 25."	Dang H	FEMS Microbiol Ecol	2010	2010/04/21			10.1111/j.1574-6941.2010.00870.x
20401609	Active archaeal communities at cold seep sediments populated by Siboglinidae tubeworms from the Storegga Slide	Lazar CS, Dinasquet J, Pignet P, Prieur D, Toffin L.	"Microb Ecol. 2010 Oct;60(3):516-27. doi: 10.1007/s00248-010-9654-1. Epub 2010 Apr 17."	Lazar CS	Microb Ecol	2010	2010/04/20			10.1007/s00248-010-9654-1
20228114	Biogeography and biodiversity in sulfide structures of active and inactive vents at deep-sea hydrothermal fields of the Southern Mariana Trough	Kato S, Takano Y, Kakegawa T, Oba H, Inoue K, Kobayashi C, Utsumi M, Marumo K, Kobayashi K, Ito Y, Ishibashi J, Yamagishi A.	"Appl Environ Microbiol. 2010 May;76(9):2968-79. doi: 10.1128/AEM.00478-10. Epub 2010 Mar 12."	Kato S	Appl Environ Microbiol	2010	2010/03/16	PMC2863450		10.1128/AEM.00478-10
20077005	Maintenance of previously uncultured freshwater archaea from anoxic waters under laboratory conditions	Plasencia A, Bañeras L, Llirós M, Casamayor EO, Borrego C.	"Antonie Van Leeuwenhoek. 2011 Feb;99(2):403-8. doi: 10.1007/s10482-010-9412-x. Epub 2010 Jan 14."	Plasencia A	Antonie Van Leeuwenhoek	2011	2010/01/16			10.1007/s10482-010-9412-x
20023079	Archaeal diversity and distribution along thermal and geochemical gradients in hydrothermal sediments at the Yonaguni Knoll IV hydrothermal field in the Southern Okinawa trough	Nunoura T, Oida H, Nakaseama M, Kosaka A, Ohkubo SB, Kikuchi T, Kazama H, Hosoi-Tanabe S, Nakamura K, Kinoshita M, Hirayama H, Inagaki F, Tsunogai U, Ishibashi J, Takai K.	"Appl Environ Microbiol. 2010 Feb;76(4):1198-211. doi: 10.1128/AEM.00924-09. Epub 2009 Dec 18."	Nunoura T	Appl Environ Microbiol	2010	2009/12/22	PMC2820965		10.1128/AEM.00924-09
19847207	Global ecological patterns in uncultured Archaea	Auguet JC, Barberan A, Casamayor EO.	"ISME J. 2010 Feb;4(2):182-90. doi: 10.1038/ismej.2009.109. Epub 2009 Oct 22."	Auguet JC	ISME J	2010	2009/10/23			10.1038/ismej.2009.109
19796141	Individual hydrothermal vents at Axial Seamount harbor distinct subseafloor microbial communities	Opatkiewicz AD, Butterfield DA, Baross JA.	"FEMS Microbiol Ecol. 2009 Dec;70(3):413-24. doi: 10.1111/j.1574-6941.2009.00747.x. Epub 2009 Sep 21."	Opatkiewicz AD	FEMS Microbiol Ecol	2009	2009/10/03			10.1111/j.1574-6941.2009.00747.x
19763742	A molecular and physiological survey of a diverse collection of hydrothermal vent Thermococcus and Pyrococcus isolates	Teske A, Edgcomb V, Rivers AR, Thompson JR, de Vera Gomez A, Molyneaux SJ, Wirsen CO.	"Extremophiles. 2009 Nov;13(6):905-15. doi: 10.1007/s00792-009-0278-7. Epub 2009 Sep 11."	Teske A	Extremophiles	2009	2009/09/19			10.1007/s00792-009-0278-7
19716518	Purification and characterization of the oxygen-thermostable hydrogenase from the aerobic hyperthermophilic archaeon Aeropyrum camini	Nishimura H, Sako Y.	"J Biosci Bioeng. 2009 Oct;108(4):299-303. doi: 10.1016/j.jbiosc.2009.04.017."	Nishimura H	J Biosci Bioeng	2009	2009/09/01			10.1016/j.jbiosc.2009.04.017
19712321	Microbial diversity in hydrothermal surface to subsurface environments of Suiyo Seamount, Izu-Bonin Arc, using a catheter-type in situ growth chamber	Higashi Y, Sunamura M, Kitamura K, Nakamura K, Kurusu Y, Ishibashi J, Urabe T, Maruyama A.	"FEMS Microbiol Ecol. 2004 Mar 1;47(3):327-36. doi: 10.1016/S0168-6496(04)00004-2."	Higashi Y	FEMS Microbiol Ecol	2004	2009/08/29			10.1016/S0168-6496(04)00004-2
19628601	Geoglobus acetivorans sp. nov., an iron(III)-reducing archaeon from a deep-sea hydrothermal vent	Slobodkina GB, Kolganova TV, Querellou J, Bonch-Osmolovskaya EA, Slobodkin AI.	"Int J Syst Evol Microbiol. 2009 Nov;59(Pt 11):2880-3. doi: 10.1099/ijs.0.011080-0. Epub 2009 Jul 23."	Slobodkina GB	Int J Syst Evol Microbiol	2009	2009/07/25			10.1099/ijs.0.011080-0
19557339	Microbial diversity of a sulfide black smoker in main endeavour hydrothermal vent field, Juan de Fuca Ridge	Zhou H, Li J, Peng X, Meng J, Wang F, Ai Y.	"J Microbiol. 2009 Jun;47(3):235-47. doi: 10.1007/s12275-008-0311-z. Epub 2009 Jun 26."	Zhou H	J Microbiol	2009	2009/06/27			10.1007/s12275-008-0311-z
19474813	Life without light: microbial diversity and evidence of sulfur- and ammonium-based chemolithotrophy in Movile Cave	Chen Y, Wu L, Boden R, Hillebrand A, Kumaresan D, Moussard H, Baciu M, Lu Y, Colin Murrell J.	"ISME J. 2009 Sep;3(9):1093-104. doi: 10.1038/ismej.2009.57. Epub 2009 May 28."	Chen Y	ISME J	2009	2009/05/29			10.1038/ismej.2009.57
19395559	Diversity and abundance of ammonia-oxidizing archaea in hydrothermal vent chimneys of the juan de fuca ridge	Wang S, Xiao X, Jiang L, Peng X, Zhou H, Meng J, Wang F.	"Appl Environ Microbiol. 2009 Jun;75(12):4216-20. doi: 10.1128/AEM.01761-08. Epub 2009 Apr 24."	Wang S	Appl Environ Microbiol	2009	2009/04/28	PMC2698363		10.1128/AEM.01761-08
19371161	Phylogenomic dating--the relative antiquity of archaeal metabolic and physiological traits	Blank CE.	"Astrobiology. 2009 Mar;9(2):193-219. doi: 10.1089/ast.2008.0248."	Blank CE	Astrobiology	2009	2009/04/18			10.1089/ast.2008.0248
19295639	Pyrococcus CH1, an obligate piezophilic hyperthermophile: extending the upper pressure-temperature limits for life	Zeng X, Birrien JL, Fouquet Y, Cherkashov G, Jebbar M, Querellou J, Oger P, Cambon-Bonavita MA, Xiao X, Prieur D.	"ISME J. 2009 Jul;3(7):873-6. doi: 10.1038/ismej.2009.21. Epub 2009 Mar 19."	Zeng X	ISME J	2009	2009/03/20			10.1038/ismej.2009.21
19132287	Proteomic characterization of the sulfur-reducing hyperthermophilic archaeon Thermococcus onnurineus NA1 by 2-DE/MS-MS	Kwon SO, Kang SG, Park SH, Kim YH, Choi JS, Lee JH, Kim SI.	"Extremophiles. 2009 Mar;13(2):379-87. doi: 10.1007/s00792-008-0220-4. Epub 2009 Jan 9."	Kwon SO	Extremophiles	2009	2009/01/10			10.1007/s00792-008-0220-4
19118348	Characterization of an NADH oxidase of the flavin-dependent disulfide reductase family from Methanocaldococcus jannaschii	Case CL, Rodriguez JR, Mukhopadhyay B.	"Microbiology (Reading). 2009 Jan;155(Pt 1):69-79. doi: 10.1099/mic.0.024265-0."	Case CL	Microbiology (Reading)	2009	2009/01/02			10.1099/mic.0.024265-0
18790866	The complete genome sequence of Thermococcus onnurineus NA1 reveals a mixed heterotrophic and carboxydotrophic metabolism	Lee HS, Kang SG, Bae SS, Lim JK, Cho Y, Kim YJ, Jeon JH, Cha SS, Kwon KK, Kim HT, Park CJ, Lee HW, Kim SI, Chun J, Colwell RR, Kim SJ, Lee JH.	"J Bacteriol. 2008 Nov;190(22):7491-9. doi: 10.1128/JB.00746-08. Epub 2008 Sep 12."	Lee HS	J Bacteriol	2008	2008/09/16	PMC2576655		10.1128/JB.00746-08
18754782	High archaeal richness in the water column of a freshwater sulfurous karstic lake along an interannual study	Llirós M, Casamayor EO, Borrego C.	"FEMS Microbiol Ecol. 2008 Nov;66(2):331-42. doi: 10.1111/j.1574-6941.2008.00583.x. Epub 2008 Aug 26."	Llirós M	FEMS Microbiol Ecol	2008	2008/08/30			10.1111/j.1574-6941.2008.00583.x
18723649	Extensive genome rearrangements and multiple horizontal gene transfers in a population of pyrococcus isolates from Vulcano Island, Italy	White JR, Escobar-Paramo P, Mongodin EF, Nelson KE, DiRuggiero J.	"Appl Environ Microbiol. 2008 Oct;74(20):6447-51. doi: 10.1128/AEM.01024-08. Epub 2008 Aug 22."	White JR	Appl Environ Microbiol	2008	2008/08/30	PMC2570278		10.1128/AEM.01024-08
18670731	New DNA polymerase from the hyperthermophilic marine archaeon Thermococcus thioreducens	Marsic D, Flaman JM, Ng JD.	"Extremophiles. 2008 Nov;12(6):775-88. doi: 10.1007/s00792-008-0181-7. Epub 2008 Aug 1."	Marsic D	Extremophiles	2008	2008/08/02			10.1007/s00792-008-0181-7
18587570	Identification of archaeon-producing hyperthermophilic alpha-amylase and characterization of the alpha-amylase	Wang S, Lu Z, Lu M, Qin S, Liu H, Deng X, Lin Q, Chen J.	"Appl Microbiol Biotechnol. 2008 Sep;80(4):605-14. doi: 10.1007/s00253-008-1561-8. Epub 2008 Jun 28."	Wang S	Appl Microbiol Biotechnol	2008	2008/07/01			10.1007/s00253-008-1561-8
18523725	Culture dependent and independent analyses of 16S rRNA and ATP citrate lyase genes: a comparison of microbial communities from different black smoker chimneys on the Mid-Atlantic Ridge	Voordeckers JW, Do MH, Hügler M, Ko V, Sievert SM, Vetriani C.	"Extremophiles. 2008 Sep;12(5):627-40. doi: 10.1007/s00792-008-0167-5. Epub 2008 Jun 5."	Voordeckers JW	Extremophiles	2008	2008/06/05			10.1007/s00792-008-0167-5
18418544	Vertical distribution of bacterial and archaeal communities along discrete layers of a deep-sea cold sediment sample at the East Pacific Rise (approximately 13 degrees N)	Li Y, Li F, Zhang X, Qin S, Zeng Z, Dang H, Qin Y.	"Extremophiles. 2008 Jul;12(4):573-85. doi: 10.1007/s00792-008-0159-5. Epub 2008 Apr 17."	Li Y	Extremophiles	2008	2008/04/18			10.1007/s00792-008-0159-5
18331336	Halophilic Archaea determined from geothermal steam vent aerosols	Ellis DG, Bizzoco RW, Kelley ST.	"Environ Microbiol. 2008 Jun;10(6):1582-90. doi: 10.1111/j.1462-2920.2008.01574.x. Epub 2008 Mar 4."	Ellis DG	Environ Microbiol	2008	2008/03/12			10.1111/j.1462-2920.2008.01574.x
18201197	Temporal and spatial archaeal colonization of hydrothermal vent deposits	Pagé A, Tivey MK, Stakes DS, Reysenbach AL.	"Environ Microbiol. 2008 Apr;10(4):874-84. doi: 10.1111/j.1462-2920.2007.01505.x. Epub 2008 Jan 14."	Pagé A	Environ Microbiol	2008	2008/01/19			10.1111/j.1462-2920.2007.01505.x
18182861	Backbone 1H, 15N, and 13C resonance assignments and secondary structure of a novel protein OGL-20P(T)-358 from hyperthermophile Thermococcus thioreducens sp. nov	Wilson R, Hughes R, Curto E, Ng J, Twigg P.	"Mol Cells. 2007 Dec 31;24(3):437-40."	Wilson R	Mol Cells	2007	2008/01/10			
18059497	Primary producing prokaryotic communities of brine, interface and seawater above the halocline of deep anoxic lake L'Atalante, Eastern Mediterranean Sea	Yakimov MM, La Cono V, Denaro R, D'Auria G, Decembrini F, Timmis KN, Golyshin PN, Giuliano L.	"ISME J. 2007 Dec;1(8):743-55. doi: 10.1038/ismej.2007.83. Epub 2007 Oct 4."	Yakimov MM	ISME J	2007	2007/12/07			10.1038/ismej.2007.83
17921273	Culture-dependent and -independent characterization of microbial communities associated with a shallow submarine hydrothermal system occurring within a coral reef off Taketomi Island, Japan	Hirayama H, Sunamura M, Takai K, Nunoura T, Noguchi T, Oida H, Furushima Y, Yamamoto H, Oomori T, Horikoshi K.	"Appl Environ Microbiol. 2007 Dec;73(23):7642-56. doi: 10.1128/AEM.01258-07. Epub 2007 Oct 5."	Hirayama H	Appl Environ Microbiol	2007	2007/10/09	PMC2168063		10.1128/AEM.01258-07
17916733	Microbial population structures in the deep marine biosphere	Huber JA, Mark Welch DB, Morrison HG, Huse SM, Neal PR, Butterfield DA, Sogin ML.	"Science. 2007 Oct 5;318(5847):97-100. doi: 10.1126/science.1146689."	Huber JA	Science	2007	2007/10/06			10.1126/science.1146689
17686026	Novel and diverse integron integrase genes and integron-like gene cassettes are prevalent in deep-sea hydrothermal vents	Elsaied H, Stokes HW, Nakamura T, Kitamura K, Fuse H, Maruyama A.	"Environ Microbiol. 2007 Sep;9(9):2298-312. doi: 10.1111/j.1462-2920.2007.01344.x."	Elsaied H	Environ Microbiol	2007	2007/08/10			10.1111/j.1462-2920.2007.01344.x
17625204	Thermococcus thioreducens sp. nov., a novel hyperthermophilic, obligately sulfur-reducing archaeon from a deep-sea hydrothermal vent	Pikuta EV, Marsic D, Itoh T, Bej AK, Tang J, Whitman WB, Ng JD, Garriott OK, Hoover RB.	"Int J Syst Evol Microbiol. 2007 Jul;57(Pt 7):1612-1618. doi: 10.1099/ijs.0.65057-0."	Pikuta EV	Int J Syst Evol Microbiol	2007	2007/07/13			10.1099/ijs.0.65057-0
17576518	Continuous enrichment cultures: insights into prokaryotic diversity and metabolic interactions in deep-sea vent chimneys	Postec A, Lesongeur F, Pignet P, Ollivier B, Querellou J, Godfroy A.	"Extremophiles. 2007 Nov;11(6):747-57. doi: 10.1007/s00792-007-0092-z. Epub 2007 Jun 19."	Postec A	Extremophiles	2007	2007/06/20			10.1007/s00792-007-0092-z
17472634	Microbial CO(2) fixation and sulfur cycling associated with low-temperature emissions at the Lilliput hydrothermal field, southern Mid-Atlantic Ridge (9 degrees S)	Perner M, Seifert R, Weber S, Koschinsky A, Schmidt K, Strauss H, Peters M, Haase K, Imhoff JF.	"Environ Microbiol. 2007 May;9(5):1186-201. doi: 10.1111/j.1462-2920.2007.01241.x."	Perner M	Environ Microbiol	2007	2007/05/03			10.1111/j.1462-2920.2007.01241.x
17329765	Thermococcus celericrescens sp. nov., a fast-growing and cell-fusing hyperthermophilic archaeon from a deep-sea hydrothermal vent	Kuwabara T, Minaba M, Ogi N, Kamekura M.	"Int J Syst Evol Microbiol. 2007 Mar;57(Pt 3):437-443. doi: 10.1099/ijs.0.64597-0."	Kuwabara T	Int J Syst Evol Microbiol	2007	2007/03/03			10.1099/ijs.0.64597-0
17170307	Nitrogen fixation at 92 degrees C by a hydrothermal vent archaeon	Mehta MP, Baross JA.	"Science. 2006 Dec 15;314(5806):1783-6. doi: 10.1126/science.1134772."	Mehta MP	Science	2006	2006/12/16			10.1126/science.1134772
17024516	Composition of archaeal, bacterial, and eukaryal RuBisCO genotypes in three Western Pacific arc hydrothermal vent systems	Elsaied HE, Kimura H, Naganuma T.	"Extremophiles. 2007 Jan;11(1):191-202. doi: 10.1007/s00792-006-0025-2. Epub 2006 Oct 6."	Elsaied HE	Extremophiles	2007	2006/10/07			10.1007/s00792-006-0025-2
17021232	Microbial community in black rust exposed to hot ridge flank crustal fluids	Nakagawa S, Inagaki F, Suzuki Y, Steinsbu BO, Lever MA, Takai K, Engelen B, Sako Y, Wheat CG, Horikoshi K.	"Appl Environ Microbiol. 2006 Oct;72(10):6789-99. doi: 10.1128/AEM.01238-06. Epub 2006 Aug 21."	Nakagawa S	Appl Environ Microbiol	2006	2006/10/06	PMC1610278		10.1128/AEM.01238-06
16957253	Methane- and sulfur-metabolizing microbial communities dominate the Lost City hydrothermal field ecosystem	Brazelton WJ, Schrenk MO, Kelley DS, Baross JA.	"Appl Environ Microbiol. 2006 Sep;72(9):6257-70. doi: 10.1128/AEM.00574-06."	Brazelton WJ	Appl Environ Microbiol	2006	2006/09/08	PMC1563643		10.1128/AEM.00574-06
16907759	Uncultured Archaea in a hydrothermal microbial assemblage: phylogenetic diversity and characterization of a genome fragment from a euryarchaeote	Moussard H, Moreira D, Cambon-Bonavita MA, López-García P, Jeanthon C.	"FEMS Microbiol Ecol. 2006 Sep;57(3):452-69. doi: 10.1111/j.1574-6941.2006.00128.x."	Moussard H	FEMS Microbiol Ecol	2006	2006/08/16			10.1111/j.1574-6941.2006.00128.x
16907757	Microbial diversity of cold-seep sediments in Sagami Bay, Japan, as determined by 16S rRNA gene and lipid analyses	Fang J, Shizuka A, Kato C, Schouten S.	"FEMS Microbiol Ecol. 2006 Sep;57(3):429-41. doi: 10.1111/j.1574-6941.2006.00126.x."	Fang J	FEMS Microbiol Ecol	2006	2006/08/16			10.1111/j.1574-6941.2006.00126.x
16871216	A ubiquitous thermoacidophilic archaeon from deep-sea hydrothermal vents	Reysenbach AL, Liu Y, Banta AB, Beveridge TJ, Kirshtein JD, Schouten S, Tivey MK, Von Damm KL, Voytek MA.	"Nature. 2006 Jul 27;442(7101):444-7. doi: 10.1038/nature04921."	Reysenbach AL	Nature	2006	2006/07/28			10.1038/nature04921
16820509	"16S rRNA phylogenetic investigation of the candidate division ""Korarchaeota"""	Auchtung TA, Takacs-Vesbach CD, Cavanaugh CM.	"Appl Environ Microbiol. 2006 Jul;72(7):5077-82. doi: 10.1128/AEM.00052-06."	Auchtung TA	Appl Environ Microbiol	2006	2006/07/06	PMC1489347		10.1128/AEM.00052-06
16623747	Bacterial and archaeal phylotypes associated with distinct mineralogical layers of a white smoker spire from a deep-sea hydrothermal vent site (9 degrees N, East Pacific Rise)	Kormas KA, Tivey MK, Von Damm K, Teske A.	"Environ Microbiol. 2006 May;8(5):909-20. doi: 10.1111/j.1462-2920.2005.00978.x."	Kormas KA	Environ Microbiol	2006	2006/04/21			10.1111/j.1462-2920.2005.00978.x
16343327	Colonization of nascent, deep-sea hydrothermal vents by a novel Archaeal and Nanoarchaeal assemblage	McCliment EA, Voglesonger KM, O'Day PA, Dunn EE, Holloway JR, Cary SC.	"Environ Microbiol. 2006 Jan;8(1):114-25. doi: 10.1111/j.1462-2920.2005.00874.x."	McCliment EA	Environ Microbiol	2006	2005/12/14			10.1111/j.1462-2920.2005.00874.x
16343320	Geomicrobiological exploration and characterization of a novel deep-sea hydrothermal system at the TOTO caldera in the Mariana Volcanic Arc	Nakagawa T, Takai K, Suzuki Y, Hirayama H, Konno U, Tsunogai U, Horikoshi K.	"Environ Microbiol. 2006 Jan;8(1):37-49. doi: 10.1111/j.1462-2920.2005.00884.x."	Nakagawa T	Environ Microbiol	2006	2005/12/14			10.1111/j.1462-2920.2005.00884.x
16237032	Metabolic and evolutionary relationships among Pyrococcus Species: genetic exchange within a hydrothermal vent environment	Hamilton-Brehm SD, Schut GJ, Adams MW.	"J Bacteriol. 2005 Nov;187(21):7492-9. doi: 10.1128/JB.187.21.7492-7499.2005."	Hamilton-Brehm SD	J Bacteriol	2005	2005/10/21	PMC1272969		10.1128/JB.187.21.7492-7499.2005
16156726	Incidence of novel and potentially archaeal nitrogenase genes in the deep Northeast Pacific Ocean	Mehta MP, Huber JA, Baross JA.	"Environ Microbiol. 2005 Oct;7(10):1525-34. doi: 10.1111/j.1462-2920.2005.00836.x."	Mehta MP	Environ Microbiol	2005	2005/09/15			10.1111/j.1462-2920.2005.00836.x
16048999	A new type of sulfite reductase, a novel coenzyme F420-dependent enzyme, from the methanarchaeon Methanocaldococcus jannaschii	Johnson EF, Mukhopadhyay B.	"J Biol Chem. 2005 Nov 18;280(46):38776-86. doi: 10.1074/jbc.M503492200. Epub 2005 Jul 27."	Johnson EF	J Biol Chem	2005	2005/07/29			10.1074/jbc.M503492200
15880089	Archaeal diversity in tidal flat sediment as revealed by 16S rDNA analysis	Kim BS, Oh HM, Kang H, Chun J.	"J Microbiol. 2005 Apr;43(2):144-51."	Kim BS	J Microbiol	2005	2005/05/10			
15819852	Diversity of Bacteria and Archaea associated with a carbonate-rich metalliferous sediment sample from the Rainbow vent field on the Mid-Atlantic Ridge	Nercessian O, Fouquet Y, Pierre C, Prieur D, Jeanthon C.	"Environ Microbiol. 2005 May;7(5):698-714. doi: 10.1111/j.1462-2920.2005.00744.x."	Nercessian O	Environ Microbiol	2005	2005/04/12			10.1111/j.1462-2920.2005.00744.x
15777616	The splicing factor U2AF65 is functionally conserved in the thermotolerant deep-sea worm Alvinella pompejana	Henscheid KL, Shin DS, Cary SC, Berglund JA.	"Biochim Biophys Acta. 2005 Mar 10;1727(3):197-207. doi: 10.1016/j.bbaexp.2005.01.008."	Henscheid KL	Biochim Biophys Acta	2005	2005/03/22			10.1016/j.bbaexp.2005.01.008
15717222	Continuous enrichment culture and molecular monitoring to investigate the microbial diversity of thermophiles inhabiting deep-sea hydrothermal ecosystems	Postec A, Urios L, Lesongeur F, Ollivier B, Querellou J, Godfroy A.	"Curr Microbiol. 2005 Mar;50(3):138-44. doi: 10.1007/s00284-004-4443-z. Epub 2005 Feb 8."	Postec A	Curr Microbiol	2005	2005/02/18			10.1007/s00284-004-4443-z
15643942	Diversity of functional genes of methanogens, methanotrophs and sulfate reducers in deep-sea hydrothermal environments	Nercessian O, Bienvenu N, Moreira D, Prieur D, Jeanthon C.	"Environ Microbiol. 2005 Jan;7(1):118-32. doi: 10.1111/j.1462-2920.2004.00672.x."	Nercessian O	Environ Microbiol	2005	2005/01/13			10.1111/j.1462-2920.2004.00672.x
15309563	Geochemical and microbiological evidence for a hydrogen-based, hyperthermophilic subsurface lithoautotrophic microbial ecosystem (HyperSLiME) beneath an active deep-sea hydrothermal field	Takai K, Gamo T, Tsunogai U, Nakayama N, Hirayama H, Nealson KH, Horikoshi K.	"Extremophiles. 2004 Aug;8(4):269-82. doi: 10.1007/s00792-004-0386-3. Epub 2004 Apr 9."	Takai K	Extremophiles	2004	2004/08/17			10.1007/s00792-004-0386-3
15262949	The phosphoenolpyruvate carboxylase from Methanothermobacter thermautotrophicus has a novel structure	Patel HM, Kraszewski JL, Mukhopadhyay B.	"J Bacteriol. 2004 Aug;186(15):5129-37. doi: 10.1128/JB.186.15.5129-5137.2004."	Patel HM	J Bacteriol	2004	2004/07/21	PMC451628		10.1128/JB.186.15.5129-5137.2004
15253435	Shotgun proteomics of Methanococcus jannaschii and insights into methanogenesis	Zhu W, Reich CI, Olsen GJ, Giometti CS, Yates JR 3rd.	"J Proteome Res. 2004 May-Jun;3(3):538-48. doi: 10.1021/pr034109s."	Zhu W	J Proteome Res	2004	2004/07/16			10.1021/pr034109s
15164268	The first evidence of anaerobic CO oxidation coupled with H2 production by a hyperthermophilic archaeon isolated from a deep-sea hydrothermal vent	Sokolova TG, Jeanthon C, Kostrikina NA, Chernyh NA, Lebedinsky AV, Stackebrandt E, Bonch-Osmolovskaya EA.	"Extremophiles. 2004 Aug;8(4):317-23. doi: 10.1007/s00792-004-0389-0. Epub 2004 May 26."	Sokolova TG	Extremophiles	2004	2004/05/28			10.1007/s00792-004-0389-0
15023940	Aeropyrum camini sp. nov., a strictly aerobic, hyperthermophilic archaeon from a deep-sea hydrothermal vent chimney	Nakagawa S, Takai K, Horikoshi K, Sako Y.	"Int J Syst Evol Microbiol. 2004 Mar;54(Pt 2):329-335. doi: 10.1099/ijs.0.02826-0."	Nakagawa S	Int J Syst Evol Microbiol	2004	2004/03/17			10.1099/ijs.0.02826-0
15006744	Molecular diversity of new Thermococcales isolates from a single area of hydrothermal deep-sea vents as revealed by randomly amplified polymorphic DNA fingerprinting and 16S rRNA gene sequence analysis	Lepage E, Marguet E, Geslin C, Matte-Tailliez O, Zillig W, Forterre P, Tailliez P.	"Appl Environ Microbiol. 2004 Mar;70(3):1277-86. doi: 10.1128/AEM.70.3.1277-1286.2004."	Lepage E	Appl Environ Microbiol	2004	2004/03/10	PMC368356		10.1128/AEM.70.3.1277-1286.2004
14991422	Thermococcus marinus sp. nov. and Thermococcus radiotolerans sp. nov., two hyperthermophilic archaea from deep-sea hydrothermal vents that resist ionizing radiation	Jolivet E, Corre E, L'Haridon S, Forterre P, Prieur D.	"Extremophiles. 2004 Jun;8(3):219-27. doi: 10.1007/s00792-004-0380-9. Epub 2004 Feb 27."	Jolivet E	Extremophiles	2004	2004/03/03			10.1007/s00792-004-0380-9
14871207	Early steps in microbial colonization processes at deep-sea hydrothermal vents	Alain K, Zbinden M, Le Bris N, Lesongeur F, Quérellou J, Gaill F, Cambon-Bonavita MA.	"Environ Microbiol. 2004 Mar;6(3):227-41. doi: 10.1111/j.1462-2920.2003.00557.x."	Alain K	Environ Microbiol	2004	2004/02/12			10.1111/j.1462-2920.2003.00557.x
14749907	Microbial diversity in inactive chimney structures from deep-sea hydrothermal systems	Suzuki Y, Inagaki F, Takai K, Nealson KH, Horikoshi K.	"Microb Ecol. 2004 Feb;47(2):186-96. doi: 10.1007/s00248-003-1014-y. Epub 2004 Feb 2."	Suzuki Y	Microb Ecol	2004	2004/01/30			10.1007/s00248-003-1014-y
14711668	Analysis of dissimilatory sulfite reductase and 16S rRNA gene fragments from deep-sea hydrothermal sites of the Suiyo Seamount, Izu-Bonin Arc, Western Pacific	Nakagawa T, Ishibashi J, Maruyama A, Yamanaka T, Morimoto Y, Kimura H, Urabe T, Fukui M.	"Appl Environ Microbiol. 2004 Jan;70(1):393-403. doi: 10.1128/AEM.70.1.393-403.2004."	Nakagawa T	Appl Environ Microbiol	2004	2004/01/09	PMC321305		10.1128/AEM.70.1.393-403.2004
12807211	Thermococcus gammatolerans sp. nov., a hyperthermophilic archaeon from a deep-sea hydrothermal vent that resists ionizing radiation	Jolivet E, L'Haridon S, Corre E, Forterre P, Prieur D.	"Int J Syst Evol Microbiol. 2003 May;53(Pt 3):847-851. doi: 10.1099/ijs.0.02503-0."	Jolivet E	Int J Syst Evol Microbiol	2003	2003/06/17			10.1099/ijs.0.02503-0
12788766	Incidence and diversity of microorganisms within the walls of an active deep-sea sulfide chimney	Schrenk MO, Kelley DS, Delaney JR, Baross JA.	"Appl Environ Microbiol. 2003 Jun;69(6):3580-92. doi: 10.1128/AEM.69.6.3580-3592.2003."	Schrenk MO	Appl Environ Microbiol	2003	2003/06/06	PMC161516		10.1128/AEM.69.6.3580-3592.2003
12755716	Archaeal diversity associated with in situ samplers deployed on hydrothermal vents on the East Pacific Rise (13 degrees N)	Nercessian O, Reysenbach AL, Prieur D, Jeanthon C.	"Environ Microbiol. 2003 Jun;5(6):492-502. doi: 10.1046/j.1462-2920.2003.00437.x."	Nercessian O	Environ Microbiol	2003	2003/05/21			10.1046/j.1462-2920.2003.00437.x
12664262	Thermococcus atlanticus sp nov., a hyperthermophilic Archaeon isolated from a deep-sea hydrothermal vent in the Mid-Atlantic Ridge [corrected]	Cambon-Bonavita MA, Lesongeur F, Pignet P, Wery N, Lambert C, Godfroy A, Querellou J, Barbier G.	"Extremophiles. 2003 Apr;7(2):101-9. doi: 10.1007/s00792-002-0301-8. Epub 2002 Nov 23."	Cambon-Bonavita MA	Extremophiles	2003	2003/03/29			10.1007/s00792-002-0301-8
12571018	Phylogenetic diversity of nitrogenase (nifH) genes in deep-sea and hydrothermal vent environments of the Juan de Fuca Ridge	Mehta MP, Butterfield DA, Baross JA.	"Appl Environ Microbiol. 2003 Feb;69(2):960-70. doi: 10.1128/AEM.69.2.960-970.2003."	Mehta MP	Appl Environ Microbiol	2003	2003/02/07	PMC143675		10.1128/AEM.69.2.960-970.2003
12148612	Methanothermococcus okinawensis sp. nov., a thermophilic, methane-producing archaeon isolated from a Western Pacific deep-sea hydrothermal vent system	Takai K, Inoue A, Horikoshi K.	"Int J Syst Evol Microbiol. 2002 Jul;52(Pt 4):1089-1095. doi: 10.1099/00207713-52-4-1089."	Takai K	Int J Syst Evol Microbiol	2002	2002/08/01			10.1099/00207713-52-4-1089
11916672	Temporal changes in archaeal diversity and chemistry in a mid-ocean ridge subseafloor habitat	Huber JA, Butterfield DA, Baross JA.	"Appl Environ Microbiol. 2002 Apr;68(4):1585-94. doi: 10.1128/AEM.68.4.1585-1594.2002."	Huber JA	Appl Environ Microbiol	2002	2002/03/28	PMC123862		10.1128/AEM.68.4.1585-1594.2002
11916723	Microbial diversity of hydrothermal sediments in the Guaymas Basin: evidence for anaerobic methanotrophic communities	Teske A, Hinrichs KU, Edgcomb V, de Vera Gomez A, Kysela D, Sylva SP, Sogin ML, Jannasch HW.	"Appl Environ Microbiol. 2002 Apr;68(4):1994-2007. doi: 10.1128/AEM.68.4.1994-2007.2002."	Teske A	Appl Environ Microbiol	2002	2002/03/28	PMC123873		10.1128/AEM.68.4.1994-2007.2002
11750823	Epsilon-proteobacterial diversity from a deep-sea hydrothermal vent on the Mid-Atlantic Ridge	Corre E, Reysenbach AL, Prieur D.	"FEMS Microbiol Lett. 2001 Dec 18;205(2):329-35. doi: 10.1111/j.1574-6968.2001.tb10968.x."	Corre E	FEMS Microbiol Lett	2001	2001/12/26			10.1111/j.1574-6968.2001.tb10968.x
11578314	Molecular analysis of microbial community structure in an arsenite-oxidizing acidic thermal spring	Jackson CR, Langner HW, Donahoe-Christiansen J, Inskeep WP, McDermott TR.	"Environ Microbiol. 2001 Aug;3(8):532-42. doi: 10.1046/j.1462-2920.2001.00221.x."	Jackson CR	Environ Microbiol	2001	2001/10/02			10.1046/j.1462-2920.2001.00221.x
11571149	Characterization of a highly thermostable alkaline phosphatase from the euryarchaeon Pyrococcus abyssi	Zappa S, Rolland JL, Flament D, Gueguen Y, Boudrant J, Dietrich J.	"Appl Environ Microbiol. 2001 Oct;67(10):4504-11. doi: 10.1128/AEM.67.10.4504-4511.2001."	Zappa S	Appl Environ Microbiol	2001	2001/09/26	PMC93196		10.1128/AEM.67.10.4504-4511.2001
11557843	Biogeography and ecological setting of Indian Ocean hydrothermal vents	Van Dover CL, Humphris SE, Fornari D, Cavanaugh CM, Collier R, Goffredi SK, Hashimoto J, Lilley MD, Reysenbach AL, Shank TM, Von Damm KL, Banta A, Gallant RM, Gotz D, Green D, Hall J, Harmer TL, Hurtado LA, Johnson P, McKiness ZP, Meredith C, Olson E, Pan IL, Turnipseed M, Won Y, Young CR 3rd, Vrijenhoek RC.	"Science. 2001 Oct 26;294(5543):818-23. doi: 10.1126/science.1064574. Epub 2001 Sep 13."	Van Dover CL	Science	2001	2001/09/15			10.1126/science.1064574
11523892	Cloning, expression, and structure analysis of carbamate kinase-like carbamoyl phosphate synthetase from Pyrococcus abyssi	Purcarea C, Hervé G, Cunin R, Evans DR.	"Extremophiles. 2001 Aug;5(4):229-39. doi: 10.1007/s007920100201."	Purcarea C	Extremophiles	2001	2001/08/29			10.1007/s007920100201
11472939	Distribution of archaea in a black smoker chimney structure	Takai K, Komatsu T, Inagaki F, Horikoshi K.	"Appl Environ Microbiol. 2001 Aug;67(8):3618-29. doi: 10.1128/AEM.67.8.3618-3629.2001."	Takai K	Appl Environ Microbiol	2001	2001/07/27	PMC93063		10.1128/AEM.67.8.3618-3629.2001
11451528	Evidence for the presence of thermophilic Fe(III)-reducing microorganisms in deep-sea hydrothermal vents at 13 degrees N (East Pacific Rise)	Slobodkin A, Campbell B, Cary SC, Bonch-Osmolovskaya E, Jeanthon C.	"FEMS Microbiol Ecol. 2001 Jul;36(2-3):235-243. doi: 10.1111/j.1574-6941.2001.tb00844.x."	Slobodkin A	FEMS Microbiol Ecol	2001	2001/07/14			10.1111/j.1574-6941.2001.tb00844.x
11282630	Phylogenetic diversity of ribulose-1,5-bisphosphate carboxylase/oxygenase large-subunit genes from deep-sea microorganisms	Elsaied H, Naganuma T.	"Appl Environ Microbiol. 2001 Apr;67(4):1751-65. doi: 10.1128/AEM.67.4.1751-1765.2001."	Elsaied H	Appl Environ Microbiol	2001	2001/04/03	PMC92794		10.1128/AEM.67.4.1751-1765.2001
11155985	Thermococcus aegaeicus sp. nov. and Staphylothermus hellenicus sp. nov., two novel hyperthermophilic archaea isolated from geothermally heated vents off Palaeochori Bay, Milos, Greece	Arab H, Völker H, Thomm M.	"Int J Syst Evol Microbiol. 2000 Nov;50 Pt 6:2101-2108. doi: 10.1099/00207713-50-6-2101."	Arab H	Int J Syst Evol Microbiol	2000	2001/01/13			10.1099/00207713-50-6-2101
10972190	Cloning, expression, and characterization of DNA polymerase I from the hyperthermophilic archaea Thermococcus fumicolans	Cambon-Bonavita MA, Schmitt P, Zieger M, Flaman JM, Lesongeur F, Raguénès G, Bindel D, Frisch N, Lakkis Z, Dupret D, Barbier G, Quérellou J.	"Extremophiles. 2000 Aug;4(4):215-25. doi: 10.1007/pl00010714."	Cambon-Bonavita MA	Extremophiles	2000	2000/09/06			10.1007/pl00010714
10966393	Novel bacterial and archaeal lineages from an in situ growth chamber deployed at a Mid-Atlantic Ridge hydrothermal vent	Reysenbach AL, Longnecker K, Kirshtein J.	"Appl Environ Microbiol. 2000 Sep;66(9):3798-806. doi: 10.1128/AEM.66.9.3798-3806.2000."	Reysenbach AL	Appl Environ Microbiol	2000	2000/08/31	PMC92223		10.1128/AEM.66.9.3798-3806.2000
10758851	Palaeococcus ferrophilus gen. nov., sp. nov., a barophilic, hyperthermophilic archaeon from a deep-sea hydrothermal vent chimney	Takai K, Sugai A, Itoh T, Horikoshi K.	"Int J Syst Evol Microbiol. 2000 Mar;50 Pt 2:489-500. doi: 10.1099/00207713-50-2-489."	Takai K	Int J Syst Evol Microbiol	2000	2000/04/12			10.1099/00207713-50-2-489
10741832	Thermosipho japonicus sp. nov., an extremely thermophilic bacterium isolated from a deep-sea hydrothermal vent in Japan	Takai K, Horikoshi K.	"Extremophiles. 2000 Feb;4(1):9-17. doi: 10.1007/s007920050002."	Takai K	Extremophiles	2000	2000/03/31			10.1007/s007920050002
10555366	Pyrococcus glycovorans sp. nov., a hyperthermophilic archaeon isolated from the East Pacific Rise	Barbier G, Godfroy A, Meunier JR, Quérellou J, Cambon MA, Lesongeur F, Grimont PA, Raguénès G.	"Int J Syst Bacteriol. 1999 Oct;49 Pt 4:1829-37. doi: 10.1099/00207713-49-4-1829."	Barbier G	Int J Syst Bacteriol	1999	1999/11/11			10.1099/00207713-49-4-1829
10430559	Genetic diversity of archaea in deep-sea hydrothermal vent environments	Takai K, Horikoshi K.	"Genetics. 1999 Aug;152(4):1285-97. doi: 10.1093/genetics/152.4.1285."	Takai K	Genetics	1999	1999/08/03	PMC1460697		10.1093/genetics/152.4.1285
10319455	Thermococcus barophilus sp. nov., a new barophilic and hyperthermophilic archaeon isolated under high hydrostatic pressure from a deep-sea hydrothermal vent	Marteinsson VT, Birrien JL, Reysenbach AL, Vernet M, Marie D, Gambacorta A, Messner P, Sleytr UB, Prieur D.	"Int J Syst Bacteriol. 1999 Apr;49 Pt 2:351-9. doi: 10.1099/00207713-49-2-351."	Marteinsson VT	Int J Syst Bacteriol	1999	1999/05/13			10.1099/00207713-49-2-351
10086845	Thermococcus siculi sp. nov., a novel hyperthermophilic archaeon isolated from a deep-sea hydrothermal vent at the Mid-Okinawa Trough	Grote R, Li L, Tamaoka J, Kato C, Horikoshi K, Antranikian G.	"Extremophiles. 1999 Jan;3(1):55-62. doi: 10.1007/s007920050099."	Grote R	Extremophiles	1999	1999/03/23			10.1007/s007920050099
9864341	An endoglucanase, EglA, from the hyperthermophilic archaeon Pyrococcus furiosus hydrolyzes beta-1,4 bonds in mixed-linkage (1-->3),(1-->4)-beta-D-glucans and cellulose	Bauer MW, Driskill LE, Callen W, Snead MA, Mathur EJ, Kelly RM.	"J Bacteriol. 1999 Jan;181(1):284-90. doi: 10.1128/JB.181.1.284-290.1999."	Bauer MW	J Bacteriol	1999	1998/12/29	PMC103560		10.1128/JB.181.1.284-290.1999
9828419	Thermococcus guaymasensis sp. nov. and Thermococcus aggregans sp. nov., two novel thermophilic archaea isolated from the Guaymas Basin hydrothermal vent site	Canganella F, Jones WJ, Gambacorta A, Antranikian G.	"Int J Syst Bacteriol. 1998 Oct;48 Pt 4:1181-5. doi: 10.1099/00207713-48-4-1181."	Canganella F	Int J Syst Bacteriol	1998	1998/11/26			10.1099/00207713-48-4-1181
9741109	Isolation and characterization of Thermococcus barossii, sp. nov., a hyperthermophilic archaeon isolated from a hydrothermal vent flange formation	Duffaud GD, d'Hennezel OB, Peek AS, Reysenbach AL, Kelly RM.	"Syst Appl Microbiol. 1998 Mar;21(1):40-9. doi: 10.1016/S0723-2020(98)80007-6."	Duffaud GD	Syst Appl Microbiol	1998	1998/09/19			10.1016/S0723-2020(98)80007-6
9734046	Methanococcus infernus sp. nov., a novel hyperthermophilic lithotrophic methanogen isolated from a deep-sea hydrothermal vent	Jeanthon C, L'Haridon S, Reysenbach AL, Vernet M, Messner P, Sleytr UB, Prieur D.	"Int J Syst Bacteriol. 1998 Jul;48 Pt 3:913-9. doi: 10.1099/00207713-48-3-913."	Jeanthon C	Int J Syst Bacteriol	1998	1998/09/12			10.1099/00207713-48-3-913
9672687	Pyrococcus horikoshii sp. nov., a hyperthermophilic archaeon isolated from a hydrothermal vent at the Okinawa Trough	González JM, Masuchi Y, Robb FT, Ammerman JW, Maeder DL, Yanagibayashi M, Tamaoka J, Kato C.	"Extremophiles. 1998 May;2(2):123-30. doi: 10.1007/s007920050051."	González JM	Extremophiles	1998	1998/07/22			10.1007/s007920050051
9226891	Thermococcus hydrothermalis sp. nov., a new hyperthermophilic archaeon isolated from a deep-sea hydrothermal vent	Godfroy A, Lesongeur F, Raguénès G, Quérellou J, Antoine E, Meunier JR, Guezennec J, Barbier G.	"Int J Syst Bacteriol. 1997 Jul;47(3):622-6. doi: 10.1099/00207713-47-3-622."	Godfroy A	Int J Syst Bacteriol	1997	1997/07/01			10.1099/00207713-47-3-622
9148682	Biochemical and phylogenetic characterization of two novel deep-sea Thermococcus isolates with potentially biotechnological applications	Canganella F, Jones WJ, Gambacorta A, Antranikian G.	"Arch Microbiol. 1997 Apr;167(4):233-8. doi: 10.1007/s002030050438."	Canganella F	Arch Microbiol	1997	1997/04/01			10.1007/s002030050438
8863444	Thermococcus fumicolans sp. nov., a new hyperthermophilic archaeon isolated from a deep-sea hydrothermal vent in the north Fiji Basin	Godfroy A, Meunier JR, Guezennec J, Lesongeur F, Raguénès G, Rimbault A, Barbier G.	"Int J Syst Bacteriol. 1996 Oct;46(4):1113-9. doi: 10.1099/00207713-46-4-1113."	Godfroy A	Int J Syst Bacteriol	1996	1996/10/01			10.1099/00207713-46-4-1113
8643567	Cloning of thermostable DNA polymerases from hyperthermophilic marine Archaea with emphasis on Thermococcus sp. 9 degrees N-7 and mutations affecting 3'-5' exonuclease activity	Southworth MW, Kong H, Kucera RB, Ware J, Jannasch HW, Perler FB.	"Proc Natl Acad Sci U S A. 1996 May 28;93(11):5281-5. doi: 10.1073/pnas.93.11.5281."	Southworth MW	Proc Natl Acad Sci U S A	1996	1996/05/28	PMC39236		10.1073/pnas.93.11.5281
8520110	A hyperthermophilic sulfur-reducing archaebacterium, Thermococcus sp. DT1331, isolated from a deep-sea hydrothermal vent	Kwak YS, Kobayashi T, Akiba T, Horikoshi K, Kim YB.	"Biosci Biotechnol Biochem. 1995 Sep;59(9):1666-9. doi: 10.1271/bbb.59.1666."	Kwak YS	Biosci Biotechnol Biochem	1995	1995/09/01			10.1271/bbb.59.1666
7545383	Thermococcus peptonophilus sp. nov., a fast-growing, extremely thermophilic archaebacterium isolated from deep-sea hydrothermal vents	González JM, Kato C, Horikoshi K.	"Arch Microbiol. 1995 Sep;164(3):159-64."	González JM	Arch Microbiol	1995	1995/09/01			
7642502	Effects of elemental sulfur on the metabolism of the deep-sea hyperthermophilic archaeon Thermococcus strain ES-1: characterization of a sulfur-regulated, non-heme iron alcohol dehydrogenase	Ma K, Loessner H, Heider J, Johnson MK, Adams MW.	"J Bacteriol. 1995 Aug;177(16):4748-56. doi: 10.1128/jb.177.16.4748-4756.1995."	Ma K	J Bacteriol	1995	1995/08/01	PMC177241		10.1128/jb.177.16.4748-4756.1995
8257111	Enzymes and proteins from organisms that grow near and above 100 degrees C	Adams MW.	"Annu Rev Microbiol. 1993;47:627-58. doi: 10.1146/annurev.mi.47.100193.003211."	Adams MW	Annu Rev Microbiol	1993	1993/01/01			10.1146/annurev.mi.47.100193.003211
1608980	Archaea in coastal marine environments	DeLong EF.	"Proc Natl Acad Sci U S A. 1992 Jun 15;89(12):5685-9. doi: 10.1073/pnas.89.12.5685."	DeLong EF	Proc Natl Acad Sci U S A	1992	1992/06/15	PMC49357		10.1073/pnas.89.12.5685
11538305	Methanococcus igneus sp. nov., a novel hyperthermophilic methanogen from a shallow submarine hydrothermal system	Burggraf S, Fricke H, Neuner A, Kristjansson J, Rouvier P, Mandelco L, Woese CR, Stetter KO.	"Syst Appl Microbiol. 1990;13:263-9. doi: 10.1016/s0723-2020(11)80197-9."	Burggraf S	Syst Appl Microbiol	1990	1990/01/01			10.1016/s0723-2020(11)80197-9
